address,blockHash,blockNumber,transactionHash,data,timestamp,commitment,leafIndex,event,msg.sender,relayer,to,nullifierHash,fee
0x2717c5e28cf931547B621a5dddb772Ab6A35B701,0x5484ee0174ba0830dd921f81ac549af65dca78f083c014f190fc842932c2d772,12222144,0xbb6045a49e7e70448c053a67527335b9f6d4c7ec7c0ffd0e954b4b5469534433,0x00000000000000000000000000000000000000000000000000000000000000000000000000000000000000000000000000000000000000000000000060739c3a,1618189370,"b'!\n:\x0f\xa8<\x05\xd3?\xeb\x9a\x98\x9e\x94P?\xac\xdb\x1b""\xf4\xdek\x08R\x99)\xba\xab\xd3\xda\x05'",0.0,Deposit,0x8C4FA249747edCfd1A7a2087B1b6cc6CB132372c,,,,
0x2717c5e28cf931547B621a5dddb772Ab6A35B701,0xdce4bb1d3b81a1716e3ee427d315c68662103bad57f8bd628ec1b70cb18788db,12222203,0x1edc285b15eabe29c6de2553a9c61bd5de70b11bc411a75c2ff65059d5fdde36,0x00000000000000000000000000000000000000000000000000000000000000010000000000000000000000000000000000000000000000000000000060739f5e,1618190174,b'\x10\xfeB\x06\x95Eu\xc8\x92\xfa\x03\xae\x97;B\xba\x8f\x0e_\xa0\xe2X\xf0L\x99>7\xff>{a\x1d',1.0,Deposit,0x8C4FA249747edCfd1A7a2087B1b6cc6CB132372c,,,,
0x2717c5e28cf931547B621a5dddb772Ab6A35B701,0xc19f99ac71017137d6571a83ab0b047b2f3dabe5a1ef4bb1eff093ecb99dc6ae,12246173,0xdacc14c6c82749395597e8a03a85c5cdc5e67f2807de3235efe92d306fbdb225,0x000000000000000000000000356ee97d7d560af2e97e9f9eee56b2e09d60e6f50b54e09ed1fd39f53c92ea300f48093dea25ab4615ab1fbcfc673f9e95b6686f0000000000000000000000000000000000000000000000000000000000000000,1618509689,,,Withdrawal,0x356eE97D7D560af2E97E9f9EEe56b2e09D60e6F5,0x356eE97D7D560af2E97E9f9EEe56b2e09D60e6F5,0x356eE97D7D560af2E97E9f9EEe56b2e09D60e6F5,b'\x0bT\xe0\x9e\xd1\xfd9\xf5<\x92\xea0\x0fH\t=\xea%\xabF\x15\xab\x1f\xbc\xfcg?\x9e\x95\xb6ho',0.0
0x2717c5e28cf931547B621a5dddb772Ab6A35B701,0x3a4f7a9250faba3b1b6932da1621ed25711c3ef1192ce265c4500dbf5e728d78,12246199,0xd2ce2ae4220575e5b7c0de83bbe544a7814ecb3679333e640774350be4137a5b,0x000000000000000000000000356ee97d7d560af2e97e9f9eee56b2e09d60e6f525b6b79c52b0d5c98fae224c95509cc2a952ce4d3dbad15722f35900f103e5080000000000000000000000000000000000000000000000000000000000000000,1618510060,,,Withdrawal,0x356eE97D7D560af2E97E9f9EEe56b2e09D60e6F5,0x356eE97D7D560af2E97E9f9EEe56b2e09D60e6F5,0x356eE97D7D560af2E97E9f9EEe56b2e09D60e6F5,"b'%\xb6\xb7\x9cR\xb0\xd5\xc9\x8f\xae""L\x95P\x9c\xc2\xa9R\xceM=\xba\xd1W""\xf3Y\x00\xf1\x03\xe5\x08'",0.0
0x2717c5e28cf931547B621a5dddb772Ab6A35B701,0x3613f2736dc63728058794ecb9ded2655189c0bb3c2e2ead55a555f4bf1123d6,12246690,0xc16e4a00f9c5e8057abd612d94eed4c83d15822464489a51392e78ea0c996f49,0x0000000000000000000000000000000000000000000000000000000000000002000000000000000000000000000000000000000000000000000000006078992f,1618516271,b'\x04f\xf6\xae\xc9+9\xa5@K\x87\xeb>I\x9d\xc2\x86\xccB\x88\xea\x1c)#\x82\xd0t\x05&\x84\x1d:',2.0,Deposit,0x487aD56dC6347842f268693F142B5e6BFD266e28,,,,
0x2717c5e28cf931547B621a5dddb772Ab6A35B701,0x619c1043fc68df41caddaa67af74226c7d8164dbd3ed0a7810a85bf63404a016,12246767,0xf5ed5214d7c607534690e337d2aeeecc6f81f4659ec9fb7cf952693b4c3eb401,0x00000000000000000000000000000000000000000000000000000000000000030000000000000000000000000000000000000000000000000000000060789d2c,1618517292,b' \x9b\x05ok\x13\x91\xbfd]\x0b\xf7y\xf1\x91\xc3\x98\x8f\\\x15\xb6\xf8\x0e\x85\xd7\x1eK\xda&\xdb\xebR',3.0,Deposit,0x7A0e7ADb1B9A40a4B4656ad55102d46DFdD6C19d,,,,
0x2717c5e28cf931547B621a5dddb772Ab6A35B701,0x227c43500238037ce76dc27d37d80296f824ada69503ddf263035ca9d1e1e716,12246801,0x121a138952eb03898f24039adc6394df2f44b9199ff95701c192896549ffdda4,0x00000000000000000000000000000000000000000000000000000000000000040000000000000000000000000000000000000000000000000000000060789ed4,1618517716,b'\r/!\x7f\xadC\xd2\x90\xd5\xceu\xbbm\x1b\xc6\x02\xd76\xcd\x8e\xba\xe1I\x14\xf1\x8ay\xe6U_\x88\x99',4.0,Deposit,0x487aD56dC6347842f268693F142B5e6BFD266e28,,,,
0x2717c5e28cf931547B621a5dddb772Ab6A35B701,0x0d7b77853df66cf50ec68a2f6cf76341cc4e0f041d78f7861616a809f4a0812d,12246847,0x5831586818b66a8fc88c05684c948f9637369aadd08c26c1b67f1783f0cf41b4,0x0000000000000000000000000000000000000000000000000000000000000005000000000000000000000000000000000000000000000000000000006078a151,1618518353,b'\x05\x90\xee\xde\x81x$\xd7\xc1\xe3\x9f\x05\xe7\xc2W\xacN\xc2\xa7\x02\xd5N]u4\xc5\xc9\x1a\xe5j\xf0M',5.0,Deposit,0x487aD56dC6347842f268693F142B5e6BFD266e28,,,,
0x2717c5e28cf931547B621a5dddb772Ab6A35B701,0x33dcc70194ba548ad1932eba7cfc836146f400f88c628c8126db79bcaece0fae,12247516,0x94c4f602dc85ab1a145ca5941200dc2b46b8d39eb4f540ecee8f83e94d328060,0x0000000000000000000000000000000000000000000000000000000000000006000000000000000000000000000000000000000000000000000000006078c439,1618527289,"b""\x03F\x1c\xc5BI\x13\xc7\xf8\xee\xb5L\xb4\xec\xc8z'.L\xbd\x90\x95\xa68\x83,5pG\x1b\xc5B""",6.0,Deposit,0xCcD44058468caef8F94191cBa3419ebC49AD3Bb4,,,,
0x2717c5e28cf931547B621a5dddb772Ab6A35B701,0x383dd8fff6c1a0c60b393dde700eb42e70831ac786ea23a048c3a57bde29edca,12247650,0x2778e5a0b7be8870d4a9863333ec4c750a537aecd5ad03d0e206e687405ab8ca,0x0000000000000000000000000000000000000000000000000000000000000007000000000000000000000000000000000000000000000000000000006078ca95,1618528917,b'\x19\xfb\xdbt\x98\xcb\xf8\x00V\x93\xa8\xaa\xd9n\xc8U-g\xf5\x8f\xb5\xbc\xe5&!\xd8\xdcXW\x1e\xc1a',7.0,Deposit,0xCcD44058468caef8F94191cBa3419ebC49AD3Bb4,,,,
0x2717c5e28cf931547B621a5dddb772Ab6A35B701,0xe16eb27e459b89c25e53f7aaa1466768ae1169a0023a33c65f36ad6099129c39,12247679,0x52f2b9b0eacaa347ef3caa17d6ec85a2785793cc3fb06407ec150a68546becd2,0x0000000000000000000000000000000000000000000000000000000000000008000000000000000000000000000000000000000000000000000000006078cbd2,1618529234,b'\x0c\x95\x9d\xde_D\xa6\xc3r\x9f\x9c\xe8\xcb$\\\xc5\x96mp\x02\xf5TL\xa3D\xc7\xa24p\xe7\xa91',8.0,Deposit,0xCcD44058468caef8F94191cBa3419ebC49AD3Bb4,,,,
0x2717c5e28cf931547B621a5dddb772Ab6A35B701,0xe16eb27e459b89c25e53f7aaa1466768ae1169a0023a33c65f36ad6099129c39,12247679,0x07adb67fb2865760ff949ebec78bca044de435bdcec5a56c35d0c0d2e44e1b97,0x0000000000000000000000000000000000000000000000000000000000000009000000000000000000000000000000000000000000000000000000006078cbd2,1618529234,b'\x1b\x03(\x1b\x99\xc2\xfdt\xd0\x07\x03\x8cU\xdd\x91\xde\xcf$\xec##\xa2\xa3\xe7W\xa0\xad\xa7\x0c i\x9d',9.0,Deposit,0x487aD56dC6347842f268693F142B5e6BFD266e28,,,,
0x2717c5e28cf931547B621a5dddb772Ab6A35B701,0xe16eb27e459b89c25e53f7aaa1466768ae1169a0023a33c65f36ad6099129c39,12247679,0x30f74de24152f9444ed5dc8ca1d177f3765093c030e759cc8d0659105a11a2df,0x000000000000000000000000000000000000000000000000000000000000000a000000000000000000000000000000000000000000000000000000006078cbd2,1618529234,b'\x0c!\xad\x1b\x07\xac\x853\x8dCj %\xc5g\xee2\xa3\x18Xx:\xa9\x9dO\xa5\x8e{Y1\x04\xa5',10.0,Deposit,0x487aD56dC6347842f268693F142B5e6BFD266e28,,,,
0x2717c5e28cf931547B621a5dddb772Ab6A35B701,0xe16eb27e459b89c25e53f7aaa1466768ae1169a0023a33c65f36ad6099129c39,12247679,0x76684c6837aa977e69b61267cf867e70c5c3c27539282a64915c9de2698ed17b,0x000000000000000000000000000000000000000000000000000000000000000b000000000000000000000000000000000000000000000000000000006078cbd2,1618529234,b'$b\x01+\xf2\xab\x13\xd6\x84s\xac\xa5\x11k\rH\xd0=:\xbf\xb5t\x8c\xa6\x16\xf5\x83t\xf0D`\x8b',11.0,Deposit,0x487aD56dC6347842f268693F142B5e6BFD266e28,,,,
0x2717c5e28cf931547B621a5dddb772Ab6A35B701,0xe16eb27e459b89c25e53f7aaa1466768ae1169a0023a33c65f36ad6099129c39,12247679,0xdc9e06ea0d2edc51d27410c04ce29adf6f5c5f062d5879fe2c06a201b6de3f78,0x000000000000000000000000000000000000000000000000000000000000000c000000000000000000000000000000000000000000000000000000006078cbd2,1618529234,b'\n=K\x9f;\x88\xeb\xe7\xd4\xe0\xd3\xcc\xdf\x1e\x9f\x8b_M\xba\xb5X\x0fEh\xb0\xba\xde\xce\x80|x\xd1',12.0,Deposit,0x487aD56dC6347842f268693F142B5e6BFD266e28,,,,
0x2717c5e28cf931547B621a5dddb772Ab6A35B701,0xe16eb27e459b89c25e53f7aaa1466768ae1169a0023a33c65f36ad6099129c39,12247679,0xb5fc58fb1ff3b52a7475892ea912b93552cb4f28d2eb723c43dedf4dbf61e1c0,0x000000000000000000000000000000000000000000000000000000000000000d000000000000000000000000000000000000000000000000000000006078cbd2,1618529234,b'\x1fO\xde\xa1Hx\x8e\xaf`u\x9bZa\xc5\x14B\xe2\xef\x82\xab\xd3\t}\x8f0\xfc\xbf\x92\x8f\xe7IR',13.0,Deposit,0x487aD56dC6347842f268693F142B5e6BFD266e28,,,,
0x2717c5e28cf931547B621a5dddb772Ab6A35B701,0x53dc590511ded968e4c826a606bfe642f0464ec2eb93f37b6e311e6dc6d3acb2,12247680,0x4bc23f96afcfb22b22e3acb8296cd95d888d0b0167a7b2f63bfb9cff52c3b98b,0x000000000000000000000000000000000000000000000000000000000000000e000000000000000000000000000000000000000000000000000000006078cbd6,1618529238,b'!\xdc\xafo=\xa7_\xb0\xa3\x8b\xc6\xca\xa0\xbd\xe2\x02k\x83iW\xe1\xe1\xed\xb1\xc9}\x10Q\xb4_vm',14.0,Deposit,0x487aD56dC6347842f268693F142B5e6BFD266e28,,,,
0x2717c5e28cf931547B621a5dddb772Ab6A35B701,0x53dc590511ded968e4c826a606bfe642f0464ec2eb93f37b6e311e6dc6d3acb2,12247680,0xdd9a32213c2fce45858a918b91996bd897e80abe67de432483b54a69b84840d4,0x000000000000000000000000000000000000000000000000000000000000000f000000000000000000000000000000000000000000000000000000006078cbd6,1618529238,b'\x11Q\xfe\n\xa6\xaf\xf8\x0bo\xdd\xfd\xe9\xf7\xa60\xe1\xbf\x9d\xda\x0f\x1e_\xc4`M\xb5\x8f\xef\xcf4O\xd8',15.0,Deposit,0x487aD56dC6347842f268693F142B5e6BFD266e28,,,,
0x2717c5e28cf931547B621a5dddb772Ab6A35B701,0xfce9297d8565c1f8afb6a4fb8e7cb8ebecdf074b438af2d4dc6508c4d75f92c1,12248200,0x94de53896dfff91722e86472fc3e9b4148455ae1ddbc1fde6999a8e82738b244,0x0000000000000000000000000000000000000000000000000000000000000010000000000000000000000000000000000000000000000000000000006078e7ff,1618536447,"b""'\x19P\x15\xf7\xac\xe3\xc63\xbe\x7f\xb0\x97\xf9\xb3\x1fr\xf3\xfa(\x83\xd8K\x84\xb6\x0c\xa0\xcf9.\x07\x81""",16.0,Deposit,0xCcD44058468caef8F94191cBa3419ebC49AD3Bb4,,,,
0x2717c5e28cf931547B621a5dddb772Ab6A35B701,0xa3aff0a9946e977536396f272a6ff36deeb9615139f0519b410541541af9c120,12260512,0xfd9515fdbb3afd2547814eaf57fa940754e2c65cbf062f7625fb5697830654e6,0x000000000000000000000000000000000000000000000000000000000000001100000000000000000000000000000000000000000000000000000000607b6b33,1618701107,b'\x19\xc5k7\xb7K\x11T\xb2\xbd\xday\x0b\xb2[\xcbq\xee\xb7Y~J\xac\x967\xa4)\x1b\xc7\xe8x\x8d',17.0,Deposit,0xACd614C63e7D9aed0E747D72A8723D5EA3B41424,,,,
0x2717c5e28cf931547B621a5dddb772Ab6A35B701,0x2e0cf62152a73ac4ad80b6d404a6781d07fff71441ec25bc159b7168a6691c94,12261508,0xb66032717f58caa0014b8f1813b559942c4da41cacb6c6b28e446b83b7c622c8,0x000000000000000000000000000000000000000000000000000000000000001200000000000000000000000000000000000000000000000000000000607b9e90,1618714256,b'\x12\xd9\x9a\x9f\\\xdd7\x7f\x0b\r<\xe9\xf6\xb1\xf8\xac\x05\x8fN\xf3\xcc\xd7QS\x14@\xcf&T\xc4\xe9\x8c',18.0,Deposit,0xACd614C63e7D9aed0E747D72A8723D5EA3B41424,,,,
0x2717c5e28cf931547B621a5dddb772Ab6A35B701,0x66c52ba552b98827eaa4c389bdd99265f022bd1295269746eb45b9600a7902e2,12261553,0x7279f0c1047e8695cdd501e9a940f0dbd524a549aff6285c6038d1a42d593f45,0x000000000000000000000000000000000000000000000000000000000000001300000000000000000000000000000000000000000000000000000000607ba0b2,1618714802,b'-&c\x15VLj((\xae\xe9S{\x19\xab\xc77p\xdd\xfe\xf2\xee\xd4\xfe\xb2r\x14?s\x1d\xb8\xb4',19.0,Deposit,0xACd614C63e7D9aed0E747D72A8723D5EA3B41424,,,,
0x2717c5e28cf931547B621a5dddb772Ab6A35B701,0xc1d6398c0fbda7c0dd502e13f403c622359f2164c8081f9b37d62e5b37557551,12261559,0x9fef72add4abdbf796560438b9b4cb0ffe49919bb10398fa75d69ac185b9ad11,0x000000000000000000000000000000000000000000000000000000000000001400000000000000000000000000000000000000000000000000000000607ba0e3,1618714851,"b""\x11k\x1f\xa2\x03\xf2\x81K@>'K\x19^i\xa0\x08\x1f\xa7\x85\xec^&=\xbe3{\x07\x1bxD\xf5""",20.0,Deposit,0xACd614C63e7D9aed0E747D72A8723D5EA3B41424,,,,
0x2717c5e28cf931547B621a5dddb772Ab6A35B701,0xc23b0d360dde195bb6c79d21f5b9ec1f2f0c852dbc3bd76bb6c98664bbc45265,12261583,0x9704491582460f3e35d16ddb85e7629c26b5096d729be2c4aa0915d6fb0adafe,0x000000000000000000000000000000000000000000000000000000000000001500000000000000000000000000000000000000000000000000000000607ba1fd,1618715133,b'.\xbcX\xe7\x9a4\xb8i\xb4\xe8+l%\xe6A\xc4-m\x9b\xc9\xe46\x19\xd8ja\xd5F\xb9g\x81\xe5',21.0,Deposit,0xACd614C63e7D9aed0E747D72A8723D5EA3B41424,,,,
0x2717c5e28cf931547B621a5dddb772Ab6A35B701,0xace9b13602696fbffbe8073cb5493e32414a171ed2b3794e45c095faecaa3aa0,12301865,0x6fec6a8d3d61a3b31973a64dc57129919d30733a81fb2324ed2f02adfd142f59,0x0000000000000000000000000000000000000000000000000000000000000016000000000000000000000000000000000000000000000000000000006083d7c9,1619253193,"b'\x1bn,\x92YB.~Z\x12\x19\x05\xdedh\xbd@\xb2\xd9\xf5\x07F\xd4\x8cR|R2\t\xfc\xb8K'",22.0,Deposit,0x939eb341BFa3422E8a39f853F8de3D13347b5C09,,,,
0x2717c5e28cf931547B621a5dddb772Ab6A35B701,0x295b719f09ab1e2eb4a544d8c94e6cdbc01279d6ba0024b2393812646f6eb8b5,12301915,0xda0b8ec393d3849c49d9c36373252f604e58de957bd59557b9f0c89a6e521f61,0x0000000000000000000000000000000000000000000000000000000000000017000000000000000000000000000000000000000000000000000000006083da0b,1619253771,b')Gj\xeb\x99=\xed\x1f\xb2)\x1b\xdc;r\x13\x92\x05M\x8a\xdd\x85Wv~\x9a\xb1\x01\x9a\xb8y\xc9\xf2',23.0,Deposit,0x939eb341BFa3422E8a39f853F8de3D13347b5C09,,,,
0x2717c5e28cf931547B621a5dddb772Ab6A35B701,0x0d9e905c69b0ecacbf03527742c9f3edeebd9258cdcec3b470a9480d12a8ce66,12301928,0xa72dbe7a70480b004d638db5dcc0d85414fe356289e13bd916feb92463706776,0x0000000000000000000000000000000000000000000000000000000000000018000000000000000000000000000000000000000000000000000000006083dac3,1619253955,b'\x06\xc4\xe5?\xd3\xa3g\xed\x11J5\xc9\xc4\xbf\x99\xe3\x99\xe0M\xe3o\x18|\x95}l<\xa5t\r\x81\xdb',24.0,Deposit,0x939eb341BFa3422E8a39f853F8de3D13347b5C09,,,,
0x2717c5e28cf931547B621a5dddb772Ab6A35B701,0xf5fd52d9d3d909334be292964d00a06182b9c74b76a921dbc22500613886ce8e,12301937,0x44699b9baa60cf826d4060689b91fc23a3061eb449458e59f9c520422e314515,0x0000000000000000000000000000000000000000000000000000000000000019000000000000000000000000000000000000000000000000000000006083db13,1619254035,b'\x1f\xbe|\xb5z\x99\xdd\xce\n\xb9\xa2^\xb1\xf4#\xd4N\x17\xb2\x05\xebp\xe8\xb1A\x9cec\x1b\x96\xdd\x80',25.0,Deposit,0x939eb341BFa3422E8a39f853F8de3D13347b5C09,,,,
0x2717c5e28cf931547B621a5dddb772Ab6A35B701,0x50c2c1c5781582c4c695635f15d67ecdd17a0ab711a91d956e555cfbc582ad1d,12301984,0x9b22c17b806c5f4bd215bf157ce3934b03c79c80eb2dae093f6bf5d632c01107,0x000000000000000000000000000000000000000000000000000000000000001a000000000000000000000000000000000000000000000000000000006083dd51,1619254609,b'\x11\x8aM\xa1\xf5:\x8299\xbcvq\xd1\xc1\x18\x05\x86\xaa\x82j\x8b\xe01\x9f<\x98\x0e/\n\xf3H9',26.0,Deposit,0x939eb341BFa3422E8a39f853F8de3D13347b5C09,,,,
0x2717c5e28cf931547B621a5dddb772Ab6A35B701,0xae6942859ff0b50533b189130bc513c5817be03b87d76982d36c4c48732a4db8,12315934,0xc4566c92aa3c4f38c62e8381f4ffee7469e86584319774f7a26f17c1ea8c15ac,0x000000000000000000000000000000000000000000000000000000000000001b000000000000000000000000000000000000000000000000000000006086b295,1619440277,"b'""\x84\xbf4<%3\x81\x9d\x94""n\xfd_3N\x1a\xd3s\xc7t\xd5\x1a7\x86\xf8\xcb\x88\x7f\x90d\x1c'",27.0,Deposit,0xF90A9d3973729222E3d0a98E7ffA5Ed21d27573D,,,,
0x2717c5e28cf931547B621a5dddb772Ab6A35B701,0xae6942859ff0b50533b189130bc513c5817be03b87d76982d36c4c48732a4db8,12315934,0xfe9b9d6f8157c40f7c07c01599738c37dc56bd033696755ff207f60dcc18c18f,0x000000000000000000000000000000000000000000000000000000000000001c000000000000000000000000000000000000000000000000000000006086b295,1619440277,"b'(lB\xca\xfcv$\xce\xbb\x8d\x10\xaa\xdb\xb0\x0b\xfe#\xc8\x08\x86\xde?\xb2 \x16\xfd\x94\xdf\x8c\x176,'",28.0,Deposit,0xF90A9d3973729222E3d0a98E7ffA5Ed21d27573D,,,,
0x2717c5e28cf931547B621a5dddb772Ab6A35B701,0xae6942859ff0b50533b189130bc513c5817be03b87d76982d36c4c48732a4db8,12315934,0xbf13ef281bdba1b39577af3b06c9fda187636d6964a64d8099a83473f7f8aeb3,0x000000000000000000000000000000000000000000000000000000000000001d000000000000000000000000000000000000000000000000000000006086b295,1619440277,b'\x11\x9d5\xec\xe0\x8d\x81\x1fJ&\xb6\xe7\xf00Q$&\x12\xa4\xedY\xb3$\x1b#\xf9\xf9\t\xa4\x99\x99\xad',29.0,Deposit,0xF90A9d3973729222E3d0a98E7ffA5Ed21d27573D,,,,
0x2717c5e28cf931547B621a5dddb772Ab6A35B701,0xda0d2fa2f690f399ba41cf0ce53859ed320ae93264ed581f5b47d2a3bc09e088,12315935,0xf3fa5de09d1b4ea63c337800245aea43c80d25292951730a9ab41d6b5ce895a1,0x000000000000000000000000000000000000000000000000000000000000001e000000000000000000000000000000000000000000000000000000006086b297,1619440279,b'\x15\x10\x14\xb1z\x8aZ\xd1\xfeOL5XJ\tL\xf3yN\xb7\xf9\xec\x05\x0e-\x1e\xa9\xebE\x90A\x8b',30.0,Deposit,0xF90A9d3973729222E3d0a98E7ffA5Ed21d27573D,,,,
0x2717c5e28cf931547B621a5dddb772Ab6A35B701,0xda0d2fa2f690f399ba41cf0ce53859ed320ae93264ed581f5b47d2a3bc09e088,12315935,0x018ab7b4f67420ea72f84993d57ddf50da5a2800369714a944f8b8c158864f34,0x000000000000000000000000000000000000000000000000000000000000001f000000000000000000000000000000000000000000000000000000006086b297,1619440279,b'$\xf9H\x9cq\xc9p\xa5\x95\xdfL\xff#\r\xd8n\xde\x0eMs<\xa6\xa6\xb0\xb5\x92\xfe\xe3\xd7\x96\x7f#',31.0,Deposit,0xF90A9d3973729222E3d0a98E7ffA5Ed21d27573D,,,,
0x2717c5e28cf931547B621a5dddb772Ab6A35B701,0xc44473bdd8d1be55594dc1f8a7d702b9a7bd3c29d993d8a6571ce35cdbf39e81,12315938,0xe59f5f61ca32fb59426ff94a264dc1d1f1bd6af4b029eac6374ccfd8dadd2d3d,0x0000000000000000000000000000000000000000000000000000000000000020000000000000000000000000000000000000000000000000000000006086b2c4,1619440324,b'\x13\x0c\xd6s\x1c/\xf5\x8bh\xf4vY\x85\x02\xc0\xf9\x8b)@\xdc\xb3U\xeb\x9fw\xea\xab*\x8b*V\x9d',32.0,Deposit,0xF90A9d3973729222E3d0a98E7ffA5Ed21d27573D,,,,
0x2717c5e28cf931547B621a5dddb772Ab6A35B701,0xd84e71658637ca5bb233dda9b72141c4310d5f313570ad2f257f2d35ec4f8e3d,12315941,0xded927b9728b6535058ea6f882fd5bb0da34c109bbec4435d230736363640bb7,0x0000000000000000000000000000000000000000000000000000000000000021000000000000000000000000000000000000000000000000000000006086b2c8,1619440328,"b'\x17d\xd1Bw\xa9\x84\xd2\x90\x12\xaf\xc1\xf8\x9akb}n~eWq-\xfe\xc1\xcd\x0fb\x1a,x\x89'",33.0,Deposit,0xF90A9d3973729222E3d0a98E7ffA5Ed21d27573D,,,,
0x2717c5e28cf931547B621a5dddb772Ab6A35B701,0xd84e71658637ca5bb233dda9b72141c4310d5f313570ad2f257f2d35ec4f8e3d,12315941,0xe15e176d0eba62fa53a98f24fbe25c1cd8123c07c1a999a988d801e188dd61d2,0x0000000000000000000000000000000000000000000000000000000000000022000000000000000000000000000000000000000000000000000000006086b2c8,1619440328,"b'.RZ8{\xc2\xfe\xa6/\xaf/}\xd5\xbfo\x0bX\xc7n\xed\x07>k\xbc\xf0\x0b%H""V\x13\x80'",34.0,Deposit,0xF90A9d3973729222E3d0a98E7ffA5Ed21d27573D,,,,
0x2717c5e28cf931547B621a5dddb772Ab6A35B701,0xd84e71658637ca5bb233dda9b72141c4310d5f313570ad2f257f2d35ec4f8e3d,12315941,0xe44fe2f63413e902fb864aecd5c717fa69589ab237385285f6a6a786ac48c6e1,0x0000000000000000000000000000000000000000000000000000000000000023000000000000000000000000000000000000000000000000000000006086b2c8,1619440328,"b""\x1ar\x1bj>\x88\x96\x1a\x94\x9d\x84[-\x18\x81o*X\xaf}\xca'\x80\x94\xda\x93\r\xd2\xef\xcda\x94""",35.0,Deposit,0xF90A9d3973729222E3d0a98E7ffA5Ed21d27573D,,,,
0x2717c5e28cf931547B621a5dddb772Ab6A35B701,0x251f46ba0f21fdb65be573351297a3f1e623a62c874dc64f642a306b5e1c8548,12315942,0xede9d9dce871823c9a92d0d8dfd68b28742cca7824af062b1a216dfe9cdcc03c,0x0000000000000000000000000000000000000000000000000000000000000024000000000000000000000000000000000000000000000000000000006086b2d2,1619440338,"b',\x1c+\xcd\t\nA\x9f\x1eE\xae\x11B\xfe!\xc3\xbd\xc6e\x08\x15\x00\x0f\xdd2\xceUP\xb1\xc1f\xe9'",36.0,Deposit,0xF90A9d3973729222E3d0a98E7ffA5Ed21d27573D,,,,
0x2717c5e28cf931547B621a5dddb772Ab6A35B701,0x17a1b5f27ae5d9bfae66016e7ddc0daef46f88cc3aa1b5422790e64954776df7,12324137,0xdf9469073cf1ec902154db629f405899aa8be8fa8e0889ae03683580223e89b9,0x00000000000000000000000000000000000000000000000000000000000000250000000000000000000000000000000000000000000000000000000060885b99,1619549081,b'\x1e \xcf\xae%\xb6n\n\x16\xe6\x19O\xe2wW\x0e\xe5\x19\x0fF\x1c\xc4\xfd\xa2\xaa\xab\x92yF\x1d\x8aj',37.0,Deposit,0xC8c30Fa803833dD1Fd6DBCDd91Ed0b301EFf87cF,,,,
0x2717c5e28cf931547B621a5dddb772Ab6A35B701,0x8f991e7554a5b50e919d1966366e460a1227ec935a06816cc4e97fd3e83fa5ab,12324168,0xa0b25f9187747b7d61b7e721c2a230677a92bd6fbdac1abf522fd4c4053f961d,0x00000000000000000000000000000000000000000000000000000000000000260000000000000000000000000000000000000000000000000000000060885d5f,1619549535,"b'\x0f\xa4nGJ\xdc@_\xfa\x92\x88\xcb\x8e\x89D\xfc\xcb2\xe8F\xee\xca\xa8\xc4\xd3\x82\xd3\xb2\x14\x88\xd0,'",38.0,Deposit,0xC8c30Fa803833dD1Fd6DBCDd91Ed0b301EFf87cF,,,,
0x2717c5e28cf931547B621a5dddb772Ab6A35B701,0xc10c157b88fd1f01b40d5861b077b4ba396b4c83caae5f168a728e18d60175e7,12337675,0x276e71bc7ac9a3df4263d5874146783c70661a39aa868bed84b42fd760140de2,0x000000000000000000000000000000000000000000000000000000000000002700000000000000000000000000000000000000000000000000000000608b1ca9,1619729577,"b'\n,I&H\x87\t\x02\xdad\xb0\xcd6\xe3\xe4\xff6Ku\x07\xd2\x14M\xc9$\xf8sH\xe5\x84g^'",39.0,Deposit,0xC8c30Fa803833dD1Fd6DBCDd91Ed0b301EFf87cF,,,,
0x2717c5e28cf931547B621a5dddb772Ab6A35B701,0x4f3c3f7edbddea7115db40cb07d0a82cb775ed493f5a7dbcbab1482b9f7e1e08,12337792,0x7df94971ab535bfaab19b62c2e6502481e2f32b98623db0b648b9528bf2ef708,0x000000000000000000000000000000000000000000000000000000000000002800000000000000000000000000000000000000000000000000000000608b232a,1619731242,"b""'\x85\x80\xc5!\xc1\xe8t\x07\xe1a \xdd\xad\xde$2\xfb8\x13#0\xf8?_\xd3\x80\xba\xf8\x1b\xd4\x1a""",40.0,Deposit,0xC8c30Fa803833dD1Fd6DBCDd91Ed0b301EFf87cF,,,,
0x2717c5e28cf931547B621a5dddb772Ab6A35B701,0xbadcd955860453a3e5a0cd194b0912ea2a9ef9c09ae5c7c1ec4ac5ea2cafa8a5,12337830,0xf581cabb13da5271a6550f812ffba6a0372e6aaf76547b216062ef96865834ec,0x000000000000000000000000000000000000000000000000000000000000002900000000000000000000000000000000000000000000000000000000608b252a,1619731754,"b'$\xb0\xcdP\x04v?\x85\xa2\xb0\x80\x01F\xc8\xfbg!w\xc9\x9c9\x0e\xc3{AT\xa6\x1b\x0e4\xd4,'",41.0,Deposit,0xC8c30Fa803833dD1Fd6DBCDd91Ed0b301EFf87cF,,,,
0x2717c5e28cf931547B621a5dddb772Ab6A35B701,0xfd10720b697b3979ca600630256453f5c6606c8b52365e75c8aa00add6f7c08b,12337835,0xbaf90019667ff5d135ed543699b3db32260044481354a017b0488acdc4f604d2,0x000000000000000000000000000000000000000000000000000000000000002a00000000000000000000000000000000000000000000000000000000608b2559,1619731801,b'\x10W\x9a\t\xcb\x0cA\xbbN\xeb=-pJePU\xe1\x9f:\x8ea\xfeM\xb6\x0fn*2V\x80\xe2',42.0,Deposit,0xC8c30Fa803833dD1Fd6DBCDd91Ed0b301EFf87cF,,,,
0x2717c5e28cf931547B621a5dddb772Ab6A35B701,0xa143015b23a37faf493c67cd44b8f0410074e1c7077568c0346b356af3ba0294,12337886,0x6715107b8bfb6a623d4bfd06f56c6b72ab4e99d4a508c328e785dd2f337bbbfa,0x000000000000000000000000000000000000000000000000000000000000002b00000000000000000000000000000000000000000000000000000000608b2865,1619732581,b'\nM\xef\x06\x9e\xf4\x83\x1eW\xce\xbc\xbb\xbf\xd7\x14\xb4m\xb1~+\x85\x84\xa7A\r\xf4H\xdf\xe5\xc3\xd1\x08',43.0,Deposit,0xC8c30Fa803833dD1Fd6DBCDd91Ed0b301EFf87cF,,,,
0x2717c5e28cf931547B621a5dddb772Ab6A35B701,0x33ee6ba4e633a4790b5f2f47c3bbf7708de7db03db629a39f940ba7da480b489,12366486,0xddc9718624e366d5dde3c212dd08aeb375c0c79d7937bd3189179b728ec1b9e5,0x000000000000000000000000ccd44058468caef8f94191cba3419ebc49ad3bb42cb9952f92fe74856f997cd105b63271343002e5b67f55ec7891209a4e0003540000000000000000000000000000000000000000000000000000000000000000,1620114177,,,Withdrawal,0xCcD44058468caef8F94191cBa3419ebC49AD3Bb4,0xCcD44058468caef8F94191cBa3419ebC49AD3Bb4,0xCcD44058468caef8F94191cBa3419ebC49AD3Bb4,"b',\xb9\x95/\x92\xfet\x85o\x99|\xd1\x05\xb62q40\x02\xe5\xb6\x7fU\xecx\x91 \x9aN\x00\x03T'",0.0
0x2717c5e28cf931547B621a5dddb772Ab6A35B701,0x7a45fbea9963911bd02609c9e760f7f0b8a454c9813d7cf790d6fc7f15d88220,12367781,0xa23e3f54f646407973151df9355597a57074d27c5e6f2aa842949a44cd4b56a9,0x000000000000000000000000000000000000000000000000000000000000002c0000000000000000000000000000000000000000000000000000000060913f5f,1620131679,b'\rT\x1b\xfb\x17\xd7\xf6\x85\xe5wR\x04\xb4\xbbVJKlo\x8d\x01\x88b4v\r*\x0e\xb5\xf534',44.0,Deposit,0x6A77500a141Fede525E57e422d65d67A32f2d8fe,,,,
0x2717c5e28cf931547B621a5dddb772Ab6A35B701,0x7724d61dafb3fd2e335e9ed7e459d791f39af85b3cad743afa2850b989d4902e,12367846,0x23ee74c0d811822f29bfdaf4f32d01a5215f9d0e2a5469c86ae8f6262b2d7d04,0x000000000000000000000000000000000000000000000000000000000000002d00000000000000000000000000000000000000000000000000000000609142c4,1620132548,b'\x06\xc6\xc54\x95\xc3%\x8e$\x92\xe5m\x9eM\xac\xd2\x05\x9c\x9b\xd1\x8ah\xa7\x1e\x15\x82c@d0\xe5\xcf',45.0,Deposit,0x6A77500a141Fede525E57e422d65d67A32f2d8fe,,,,
0x2717c5e28cf931547B621a5dddb772Ab6A35B701,0xa402896d4f5d9217377f5f179dc1132ce83956d72a5c64c41a60eba2e9144487,12371823,0x2b06c5c6f6223bd7dfd83eea9a478850a250f446698c52124870280016d18788,0x000000000000000000000000000000000000000000000000000000000000002e00000000000000000000000000000000000000000000000000000000609211e2,1620185570,b'\x19f\x98\xdeJ[b\x94\xb0\xee\x06\x88+\x85<\xbe\x01\x805{\xdd\x07\x9f\xe2\xd7\x8e\x9a\x02\xeb\xefL\x83',46.0,Deposit,0xCcD44058468caef8F94191cBa3419ebC49AD3Bb4,,,,
0x2717c5e28cf931547B621a5dddb772Ab6A35B701,0xffb932174f157f83116741f3b1444a281a9d19dc01fc1fa6aea2a409de9996b0,12372018,0xb1f93da057a48b0611fa2fdd582d8b87d8fd1a5c559a6a7853014a3d9a736ef6,0x000000000000000000000000000000000000000000000000000000000000002f0000000000000000000000000000000000000000000000000000000060921b1b,1620187931,b'\x1b\xb2\xc7X\x06H\xd0k\x11\x18\xad\xfe6\x9fF\xa99M\xf2\xba\xf6w\xe9\xc0\xd1\xfd\xa2\xff\xe5Q\x0f\x19',47.0,Deposit,0x6A77500a141Fede525E57e422d65d67A32f2d8fe,,,,
0x2717c5e28cf931547B621a5dddb772Ab6A35B701,0xb3ff70f371790462131251752440c5e8154e224bacbccf56db984ba67d0d7389,12372091,0xf692304c807a7abd529727e0ce2b25a8d4bebd0ec1393d1797f8ccce262c77cd,0x00000000000000000000000000000000000000000000000000000000000000300000000000000000000000000000000000000000000000000000000060921f09,1620188937,"b'\x05\x0e4\xec<\t3\x937#\xd9\xe2#>gs\x8b0\xe9\x97C\xb7\xed\xb1\x07\xb1#\x19P,\xfa#'",48.0,Deposit,0x6A77500a141Fede525E57e422d65d67A32f2d8fe,,,,
0x2717c5e28cf931547B621a5dddb772Ab6A35B701,0x83e30843b8e46b51f549ca45e273ca190aca1678d5660591e99ab8dafeff6d7b,12372157,0xa850d1bb251cac6ae3c02ee1b579b0bd1eee6f5182840ac9a966d7a527140681,0x000000000000000000000000000000000000000000000000000000000000003100000000000000000000000000000000000000000000000000000000609222a6,1620189862,b'\x12\x08@}c\xc5\x80\xd9\xde\x81\xf4\xd0\xc9\xcc2\x9b\xd2a\x80s\x8c+\x9c\xd9\x04\x19u\xe0\xc6\x9ae\x1b',49.0,Deposit,0x6A77500a141Fede525E57e422d65d67A32f2d8fe,,,,
0x2717c5e28cf931547B621a5dddb772Ab6A35B701,0xbfb49d45d24b2f97fa4d97e42702664b77c924a0ab0e7c2324d2ca238ae2097e,12372293,0x167bab9148b561792dfd3b7fedb7b3587a163a8ce3ca0c8cc289c7aea48d3ca0,0x000000000000000000000000ccd44058468caef8f94191cba3419ebc49ad3bb42cb708ac90bf8fea3131697b8bea9b8cae0f6ff8e7b631d8e328a6a66a511a470000000000000000000000000000000000000000000000000000000000000000,1620191641,,,Withdrawal,0xCcD44058468caef8F94191cBa3419ebC49AD3Bb4,0xCcD44058468caef8F94191cBa3419ebC49AD3Bb4,0xCcD44058468caef8F94191cBa3419ebC49AD3Bb4,"b',\xb7\x08\xac\x90\xbf\x8f\xea11i{\x8b\xea\x9b\x8c\xae\x0fo\xf8\xe7\xb61\xd8\xe3(\xa6\xa6jQ\x1aG'",0.0
0x2717c5e28cf931547B621a5dddb772Ab6A35B701,0x946c6aaa56962e818852327922987f406b89be513ed230dfb2ded16a5eb2b2bc,12372316,0x9d7d37b0ddfbd0c6a8606a70ef363d86e92d9ba7975bc4733848908f7ff0370b,0x00000000000000000000000000000000000000000000000000000000000000320000000000000000000000000000000000000000000000000000000060922adb,1620191963,b'$\xb3:\x10\xd8\xb7\xb1\xe2\xd4\xe3C{\xec\x0c\x99\x1d\xa3\xe1\xb2dD\x82d\xc4\x97d\x18\xea\xfe\xddCZ',50.0,Deposit,0xCcD44058468caef8F94191cBa3419ebC49AD3Bb4,,,,
0x2717c5e28cf931547B621a5dddb772Ab6A35B701,0xf351fc806304eac09972eae2bbb7831325898d0c0ee1183ba53ac04037a01860,12372335,0xbf43dc7d14d63f568ec1509649efe1c43466478a310acda9569972ac7e97f802,0x000000000000000000000000ccd44058468caef8f94191cba3419ebc49ad3bb410440f36f07a6537688db989c5af64a533b50eb451734ef5fdc7e065391f56d60000000000000000000000000000000000000000000000000000000000000000,1620192275,,,Withdrawal,0xCcD44058468caef8F94191cBa3419ebC49AD3Bb4,0xCcD44058468caef8F94191cBa3419ebC49AD3Bb4,0xCcD44058468caef8F94191cBa3419ebC49AD3Bb4,b'\x10D\x0f6\xf0ze7h\x8d\xb9\x89\xc5\xafd\xa53\xb5\x0e\xb4QsN\xf5\xfd\xc7\xe0e9\x1fV\xd6',0.0
0x2717c5e28cf931547B621a5dddb772Ab6A35B701,0x5488f8804d972d907f7fdd4ba6133d9b7a9c3a411ab7ce9133761dc7f9caed4e,12372427,0xd5fddbfdd032b864fa76b23e9a1533279ef4a3783faf0a370ecce5f3e9ce715c,0x0000000000000000000000000000000000000000000000000000000000000033000000000000000000000000000000000000000000000000000000006092312f,1620193583,"b""'\xb3\x1f\xb6\x84;\\\xf9\xeb(\xd8~\xd1\xc4\x05\x13o\x13\x17H\x98\xe0z\xd9>\x83\xa9\x00*N\xed\xa0""",51.0,Deposit,0xCcD44058468caef8F94191cBa3419ebC49AD3Bb4,,,,
0x2717c5e28cf931547B621a5dddb772Ab6A35B701,0x6bf5f5df23ea30d80d8bdedea71cff275be7ec2bb812b36e3eda9c6e37220fc6,12372456,0xb1b21640b84b975a8a58655665e4b73da69bc8dd9fdc523e6f16fdf8cc44dcb1,0x000000000000000000000000ccd44058468caef8f94191cba3419ebc49ad3bb42e1f2396e53642e8aaf257b867de5e93c2a55b8b84f04bf9d70734fba9e8feda0000000000000000000000000000000000000000000000000000000000000000,1620193932,,,Withdrawal,0xCcD44058468caef8F94191cBa3419ebC49AD3Bb4,0xCcD44058468caef8F94191cBa3419ebC49AD3Bb4,0xCcD44058468caef8F94191cBa3419ebC49AD3Bb4,b'.\x1f#\x96\xe56B\xe8\xaa\xf2W\xb8g\xde^\x93\xc2\xa5[\x8b\x84\xf0K\xf9\xd7\x074\xfb\xa9\xe8\xfe\xda',0.0
0x2717c5e28cf931547B621a5dddb772Ab6A35B701,0x109cbf7605f0bde6e72e2fbfb46cbc8995832740d3c2425b72f230b268d7ea43,12372476,0x84447cf052e25f5a8a3163ecd87242d67a5d2b20b1c024bdc2c570392923464d,0x00000000000000000000000000000000000000000000000000000000000000340000000000000000000000000000000000000000000000000000000060923395,1620194197,b'\x16d\x18\xb6(\x88M^\x1fW\x10\x8d>-\xa1\xce\x05\x0e4#@\x90\xb9\\qTtY\xf9\xc6\x9bn',52.0,Deposit,0xCcD44058468caef8F94191cBa3419ebC49AD3Bb4,,,,
0x2717c5e28cf931547B621a5dddb772Ab6A35B701,0xcdc0af71a0a32d5cecf5072e321862312036679e94531c6b3be5631a012ce46f,12488486,0xdbaa3589986868122609e741392e378997c61d02adbc8cb7c4cb975897a8d7b9,0x000000000000000000000000870ce4cbe75814672c0f1e62d3d19474dbca2edc120088cb8be92a8a09acbfd2029c7402622eed37d689708b344848cb65339c530000000000000000000000000000000000000000000000000000000000000000,1621744908,,,Withdrawal,0x6A77500a141Fede525E57e422d65d67A32f2d8fe,0x870CE4CbE75814672c0f1E62D3d19474DBCa2EDC,0x870CE4CbE75814672c0f1E62D3d19474DBCa2EDC,b'\x12\x00\x88\xcb\x8b\xe9*\x8a\t\xac\xbf\xd2\x02\x9ct\x02b.\xed7\xd6\x89p\x8b4HH\xcbe3\x9cS',0.0
0x2717c5e28cf931547B621a5dddb772Ab6A35B701,0xc533af8c9d6230db9bb6b82477d838bd99a487930176c21a51b39a35764f0237,12488495,0xdac4aee68dc7f3fac399af5cc89bddb0d42b429e05d245035a496ac9d66db476,0x000000000000000000000000870ce4cbe75814672c0f1e62d3d19474dbca2edc290b071338cf3982f095241bdb72c40780ce1c2861f92b5464bbbf0dc443b5260000000000000000000000000000000000000000000000000000000000000000,1621745021,,,Withdrawal,0x6A77500a141Fede525E57e422d65d67A32f2d8fe,0x870CE4CbE75814672c0f1E62D3d19474DBCa2EDC,0x870CE4CbE75814672c0f1E62D3d19474DBCa2EDC,b')\x0b\x07\x138\xcf9\x82\xf0\x95$\x1b\xdbr\xc4\x07\x80\xce\x1c(a\xf9+Td\xbb\xbf\r\xc4C\xb5&',0.0
0x2717c5e28cf931547B621a5dddb772Ab6A35B701,0x755153931997320f42b91d0224c1c50d2717ae545ad568efb4358d8a5e045e63,12488503,0x514bf1a6b2e947612d61477b7cc903ef7a5ceca32a2a97279a76d6453c49be8b,0x000000000000000000000000870ce4cbe75814672c0f1e62d3d19474dbca2edc0c55de1696b8b5c85c9eed44dd0f66660982f318aad057e78048566003977e540000000000000000000000000000000000000000000000000000000000000000,1621745146,,,Withdrawal,0x6A77500a141Fede525E57e422d65d67A32f2d8fe,0x870CE4CbE75814672c0f1E62D3d19474DBCa2EDC,0x870CE4CbE75814672c0f1E62D3d19474DBCa2EDC,b'\x0cU\xde\x16\x96\xb8\xb5\xc8\\\x9e\xedD\xdd\x0fff\t\x82\xf3\x18\xaa\xd0W\xe7\x80HV`\x03\x97~T',0.0
0x2717c5e28cf931547B621a5dddb772Ab6A35B701,0x234ec594489c9d9e44cd1ebba9dc0f0670f111e656947d422f8f79ca140f9f84,12488546,0xa68e6333a0f6b6e84e06128e4c905b92a75348c360476105b5725de8c7d06f99,0x000000000000000000000000870ce4cbe75814672c0f1e62d3d19474dbca2edc0d6a58a5aac80c9465fa798fe9ab259f301ca2a3620d438fa9c4e437aaf39fdd0000000000000000000000000000000000000000000000000000000000000000,1621745707,,,Withdrawal,0x6A77500a141Fede525E57e422d65d67A32f2d8fe,0x870CE4CbE75814672c0f1E62D3d19474DBCa2EDC,0x870CE4CbE75814672c0f1E62D3d19474DBCa2EDC,b'\rjX\xa5\xaa\xc8\x0c\x94e\xfay\x8f\xe9\xab%\x9f0\x1c\xa2\xa3b\rC\x8f\xa9\xc4\xe47\xaa\xf3\x9f\xdd',0.0
0x2717c5e28cf931547B621a5dddb772Ab6A35B701,0xb2b318fb540611ac95efae651983064808d1b52dcddc623fdc4378641e779c1f,12488656,0x121a7b25ad88c189d042347e6bb9cee17a01b47cb8fdf0b769f40aa7e259614a,0x000000000000000000000000870ce4cbe75814672c0f1e62d3d19474dbca2edc2116358223cbacc1b2d71edf5a8f5c9ef500914caf11cc7301cf596e72106c720000000000000000000000000000000000000000000000000000000000000000,1621747250,,,Withdrawal,0x6A77500a141Fede525E57e422d65d67A32f2d8fe,0x870CE4CbE75814672c0f1E62D3d19474DBCa2EDC,0x870CE4CbE75814672c0f1E62D3d19474DBCa2EDC,b'!\x165\x82#\xcb\xac\xc1\xb2\xd7\x1e\xdfZ\x8f\\\x9e\xf5\x00\x91L\xaf\x11\xccs\x01\xcfYnr\x10lr',0.0
0x2717c5e28cf931547B621a5dddb772Ab6A35B701,0x939758bf9842ba4b5bfa831a4878bfaaf528abc3709ac5961c515b38d10b637f,12558109,0x467131c11c7728e59b64a65a4ca9cf750e0454bd0be33ae00204f819bbcb8fa0,0x000000000000000000000000ccd44058468caef8f94191cba3419ebc49ad3bb417834f472aec6696be931eca2f52915052c6c5b4dee7c85cb7a6842b81c3297b0000000000000000000000000000000000000000000000000000000000000000,1622677149,,,Withdrawal,0xCcD44058468caef8F94191cBa3419ebC49AD3Bb4,0xCcD44058468caef8F94191cBa3419ebC49AD3Bb4,0xCcD44058468caef8F94191cBa3419ebC49AD3Bb4,b'\x17\x83OG*\xecf\x96\xbe\x93\x1e\xca/R\x91PR\xc6\xc5\xb4\xde\xe7\xc8\\\xb7\xa6\x84+\x81\xc3){',0.0
0x2717c5e28cf931547B621a5dddb772Ab6A35B701,0xec4e6d0badf7a53bc4f72bea4d333d2083bcf89a703a4835323b2730c0f50f37,12558164,0x2935046cb80195723d2490b16f4166e80f81c66e3e264d1d346d23a757f2f1b0,0x000000000000000000000000ccd44058468caef8f94191cba3419ebc49ad3bb40af1d5e57ef53a84df4aee193a7f2131d5e5cb452358f72dd4b8e2f3a8230d7b0000000000000000000000000000000000000000000000000000000000000000,1622677912,,,Withdrawal,0xCcD44058468caef8F94191cBa3419ebC49AD3Bb4,0xCcD44058468caef8F94191cBa3419ebC49AD3Bb4,0xCcD44058468caef8F94191cBa3419ebC49AD3Bb4,b'\n\xf1\xd5\xe5~\xf5:\x84\xdfJ\xee\x19:\x7f!1\xd5\xe5\xcbE#X\xf7-\xd4\xb8\xe2\xf3\xa8#\r{',0.0
0x2717c5e28cf931547B621a5dddb772Ab6A35B701,0xf2fd837178f1195b6a54be0b1992746c605581a372dc1368044148021ee6003a,12558174,0x30d685243b8e28825d86a3eec52b81c70ef0b764021f5002c190269ded642655,0x000000000000000000000000ccd44058468caef8f94191cba3419ebc49ad3bb42f19766a07e9f862f9f7d90c3550a50807ea5fa777ce705588e726a34045c49f0000000000000000000000000000000000000000000000000000000000000000,1622678012,,,Withdrawal,0xCcD44058468caef8F94191cBa3419ebC49AD3Bb4,0xCcD44058468caef8F94191cBa3419ebC49AD3Bb4,0xCcD44058468caef8F94191cBa3419ebC49AD3Bb4,b'/\x19vj\x07\xe9\xf8b\xf9\xf7\xd9\x0c5P\xa5\x08\x07\xea_\xa7w\xcepU\x88\xe7&\xa3@E\xc4\x9f',0.0
0x2717c5e28cf931547B621a5dddb772Ab6A35B701,0x8c87f78d260f212539cf3eaca2b244e0d522280773c0f467671c8aed1fe9717f,12558184,0xdf6fec4e87979ce48bac27309dfa68eee52e6f71a2fdc4c8b886855eff3140a4,0x000000000000000000000000ccd44058468caef8f94191cba3419ebc49ad3bb4121ec4941152df2ceb6ac881b6fa25e118f1a17bd11ab7df91f8b362e701f2950000000000000000000000000000000000000000000000000000000000000000,1622678154,,,Withdrawal,0xCcD44058468caef8F94191cBa3419ebC49AD3Bb4,0xCcD44058468caef8F94191cBa3419ebC49AD3Bb4,0xCcD44058468caef8F94191cBa3419ebC49AD3Bb4,"b'\x12\x1e\xc4\x94\x11R\xdf,\xebj\xc8\x81\xb6\xfa%\xe1\x18\xf1\xa1{\xd1\x1a\xb7\xdf\x91\xf8\xb3b\xe7\x01\xf2\x95'",0.0
0x2717c5e28cf931547B621a5dddb772Ab6A35B701,0x7124c582766683391cf311bf51599b52b0e6e6199b2223a66114688c54ef409d,12560055,0x44bb575421cf91d5d7b809f23570f33387ea9cc6e8c08a73aa43ba6d218c93e9,0x000000000000000000000000939eb341bfa3422e8a39f853f8de3d13347b5c091a3755501c37c56e1da2987bfabe269fbdf6280eeabdde81b2a9a1c4102f82090000000000000000000000000000000000000000000000000000000000000000,1622703577,,,Withdrawal,0x939eb341BFa3422E8a39f853F8de3D13347b5C09,0x939eb341BFa3422E8a39f853F8de3D13347b5C09,0x939eb341BFa3422E8a39f853F8de3D13347b5C09,b'\x1a7UP\x1c7\xc5n\x1d\xa2\x98{\xfa\xbe&\x9f\xbd\xf6(\x0e\xea\xbd\xde\x81\xb2\xa9\xa1\xc4\x10/\x82\t',0.0
0x2717c5e28cf931547B621a5dddb772Ab6A35B701,0x156bdd938da9f885e48fb487b434a1c90a891137cbef7cb0415979907c183c10,12560073,0xaa85fdbed7c9a4ccc8b646a34eba0401bfceeb0c53432f4913e6e97b47f012e1,0x000000000000000000000000939eb341bfa3422e8a39f853f8de3d13347b5c0914584bf77116fca787631bfc4b091452633b80b42cbb6dd952def9758c9b3c600000000000000000000000000000000000000000000000000000000000000000,1622703760,,,Withdrawal,0x939eb341BFa3422E8a39f853F8de3D13347b5C09,0x939eb341BFa3422E8a39f853F8de3D13347b5C09,0x939eb341BFa3422E8a39f853F8de3D13347b5C09,"b'\x14XK\xf7q\x16\xfc\xa7\x87c\x1b\xfcK\t\x14Rc;\x80\xb4,\xbbm\xd9R\xde\xf9u\x8c\x9b<`'",0.0
0x2717c5e28cf931547B621a5dddb772Ab6A35B701,0xc893552b1aa5b23d05aa02e7a51e0bf65d809d2e6265c1cec2ab224c8d05a9d3,12560094,0xd5264c9e57a53ab1267683239ced5ba8b29df54d72b9e7a31a74b64345fe2e8c,0x000000000000000000000000939eb341bfa3422e8a39f853f8de3d13347b5c09006e6745c71c28919a5c3f30efbe8d010a893528aa39547f56436e48d0e3a1510000000000000000000000000000000000000000000000000000000000000000,1622703984,,,Withdrawal,0x939eb341BFa3422E8a39f853F8de3D13347b5C09,0x939eb341BFa3422E8a39f853F8de3D13347b5C09,0x939eb341BFa3422E8a39f853F8de3D13347b5C09,b'\x00ngE\xc7\x1c(\x91\x9a\\?0\xef\xbe\x8d\x01\n\x895(\xaa9T\x7fVCnH\xd0\xe3\xa1Q',0.0
0x2717c5e28cf931547B621a5dddb772Ab6A35B701,0xe826cfa5abd2f537a44146c847f4a2f433ebc0eca31dcf2435cf25f3946dc83b,12560113,0x60704469dd378415ad25dea49426adfa81e6c5bdd24779f3b100818bcd67b14b,0x000000000000000000000000939eb341bfa3422e8a39f853f8de3d13347b5c092ba9ee44dc8f6485a60e6a2062c52e0189ea469a583b3109d56f3fc1cfc373c50000000000000000000000000000000000000000000000000000000000000000,1622704235,,,Withdrawal,0x939eb341BFa3422E8a39f853F8de3D13347b5C09,0x939eb341BFa3422E8a39f853F8de3D13347b5C09,0x939eb341BFa3422E8a39f853F8de3D13347b5C09,b'+\xa9\xeeD\xdc\x8fd\x85\xa6\x0ej b\xc5.\x01\x89\xeaF\x9aX;1\t\xd5o?\xc1\xcf\xc3s\xc5',0.0
0x2717c5e28cf931547B621a5dddb772Ab6A35B701,0x99d9a0ec85bdd9bdcc39ac5ef3272f641ce430ea35f53c9ca9e81229305daef3,12560132,0x50d721e7946f86d47748236ba5c0d3a3fbbae06ee89a005747cc3dc6b1cb99e5,0x000000000000000000000000939eb341bfa3422e8a39f853f8de3d13347b5c0907beced63325a025f5d8cb99be75bd2e3f22221f8bb2662fda2fbaa88f7e6dfc0000000000000000000000000000000000000000000000000000000000000000,1622704528,,,Withdrawal,0x939eb341BFa3422E8a39f853F8de3D13347b5C09,0x939eb341BFa3422E8a39f853F8de3D13347b5C09,0x939eb341BFa3422E8a39f853F8de3D13347b5C09,"b'\x07\xbe\xce\xd63%\xa0%\xf5\xd8\xcb\x99\xbeu\xbd.?""""\x1f\x8b\xb2f/\xda/\xba\xa8\x8f~m\xfc'",0.0
0x2717c5e28cf931547B621a5dddb772Ab6A35B701,0xaaed9fa18db372ab8e1124f3066b547fec2e5e74a8090c4b0a4e4642af8fa404,12565910,0x31ef9f4f555ef702b650a0c55b44436287c1a4d0573892e20644517a39dee7e3,0x00000000000000000000000000000000000000000000000000000000000000350000000000000000000000000000000000000000000000000000000060b9b0b6,1622782134,b'*-\x00\xb5_\x08U\x89\x05\xcf{\x1a\xdf\x94\x00\x00\xa2D\xa9y\x87\x13\xb6%qY-\xd9\x06\x83\xf9g',53.0,Deposit,0x939eb341BFa3422E8a39f853F8de3D13347b5C09,,,,
0x2717c5e28cf931547B621a5dddb772Ab6A35B701,0xfb706c080cffe902bfdb5abaec413f3b70e311687c1b85757c38bcc33dbe6201,12565919,0x2a5cab9acf78eadc6d810c49afdb5fe0da0d4603b8d6f24a244f61af765146b6,0x00000000000000000000000000000000000000000000000000000000000000360000000000000000000000000000000000000000000000000000000060b9b12d,1622782253,b'\x1a\xd1hl\xbb2\xfa \xe7\xfe0\x7f;h$\x02\x86\x92\xe6e-\xb55\xdb\x1dC\xf57\xc0\\\xc0\xd9',54.0,Deposit,0x939eb341BFa3422E8a39f853F8de3D13347b5C09,,,,
0x2717c5e28cf931547B621a5dddb772Ab6A35B701,0x9e0552bd4fed55876745c020844dbd5da84505a03c6dfea0e3438ad6309ce67f,12565934,0x95fbe77d44e9ede54af09dd1ee568a82feecdc9e22bdc5c1128d929a03d668be,0x00000000000000000000000000000000000000000000000000000000000000370000000000000000000000000000000000000000000000000000000060b9b1f2,1622782450,b'%\xc7\xe3\x8f\xc4\x7f?\x12\xc9\xcf\xc1\x01\xaa\xed\xbf.\xdc\xe4\x8e\xa3 \xd8u\xddd\x7f\xc7\xd9\x83\x1b\xf3\xab',55.0,Deposit,0x939eb341BFa3422E8a39f853F8de3D13347b5C09,,,,
0x2717c5e28cf931547B621a5dddb772Ab6A35B701,0x515c545575079cc1657568ab95a98bc168f000a6ce588cdd94c14e09ac9077e8,12565944,0x9589a7af42f8a7c3198209a689dfdb9a6dad9d22022a3cce067c2582cea74b37,0x00000000000000000000000000000000000000000000000000000000000000380000000000000000000000000000000000000000000000000000000060b9b2bd,1622782653,b'\x15\xc3>z\xa2\xde0\x8a\x94~&\x14\x94\xd8\xfb\x93\xd5h\xc8\x0cS\xc5\x88\xbc`\xc2U\x1e/\xff\xea\x10',56.0,Deposit,0x939eb341BFa3422E8a39f853F8de3D13347b5C09,,,,
0x2717c5e28cf931547B621a5dddb772Ab6A35B701,0x7a5e637d7081408e02b6bb3f2ef60f49a3a99f2fa28995f2a39abe8e2330fc3f,12608962,0x52af9e442364165cbedf30132771fc0958dbd6d6d24a5d5928582279e8d05009,0x00000000000000000000000000000000000000000000000000000000000000390000000000000000000000000000000000000000000000000000000060c27663,1623357027,b'$\xf4\x17\xa9\x84\xe1\xf4%2IZ\xf8\xcc\xc2\x05\xb5\x00\xa4\xf4\t\xa1]y\x11X;w7\x1eS\x81D',57.0,Deposit,0x4565Ee03a020dAA77c5EfB25F6DD32e28d653c27,,,,
0x2717c5e28cf931547B621a5dddb772Ab6A35B701,0xc73fbc97f48955bd80cb05eddeca7ef629dbca4b4df2b5ac0c63a339d60feb20,12608963,0x0f32db0b04b0cb398c459e40d33e67e64d8b75963b1944742de05d93298551f5,0x000000000000000000000000000000000000000000000000000000000000003a0000000000000000000000000000000000000000000000000000000060c27669,1623357033,"b'\x16[B\x01\x0c\x1d3\x07\x86xh\xba\xebNh\xbd8\rJw\xfe\x06\x95\xf7O\xbcs\xd4\xd1,V\xaa'",58.0,Deposit,0x4565Ee03a020dAA77c5EfB25F6DD32e28d653c27,,,,
0x2717c5e28cf931547B621a5dddb772Ab6A35B701,0xc73fbc97f48955bd80cb05eddeca7ef629dbca4b4df2b5ac0c63a339d60feb20,12608963,0xea55b7dae2dd4c38a7da1124fa99b60aedbd65da946f3ed97fb0545981665025,0x000000000000000000000000000000000000000000000000000000000000003b0000000000000000000000000000000000000000000000000000000060c27669,1623357033,"b'.\xc0\xa7H\xa4\x89\xf4d\xd5\xfda\xf6\xdfo""\x16\xc6\xd5\xbcf\x1b\x01\n8\x15J\x7f\x00a}\xc4\xb0'",59.0,Deposit,0x4565Ee03a020dAA77c5EfB25F6DD32e28d653c27,,,,
0x2717c5e28cf931547B621a5dddb772Ab6A35B701,0xc73fbc97f48955bd80cb05eddeca7ef629dbca4b4df2b5ac0c63a339d60feb20,12608963,0xb40908c8b7b2b9b9350e31e3f3e2b7680e7e9d96e52f0144daf2528b00edfdad,0x000000000000000000000000000000000000000000000000000000000000003c0000000000000000000000000000000000000000000000000000000060c27669,1623357033,"b""\x06\x1cR Z'p8\xd3\x849\x8f|IFB\xe6\x07\x19h\xf5\x83\x07\xdd\x9e\xc1\xb7D\xf57\x80o""",60.0,Deposit,0x4565Ee03a020dAA77c5EfB25F6DD32e28d653c27,,,,
0x2717c5e28cf931547B621a5dddb772Ab6A35B701,0xc9a08a8fb1680bad34ab5a8fcc4cd3ba9431e8a6b60e385720b1fe58aae46623,12624254,0xf19fbe6014e5e1d16658576c60b1425b4e03611db4841a6a1af24a888d22e1d5,0x000000000000000000000000acd614c63e7d9aed0e747d72a8723d5ea3b414242d8bc89ab607bc530f2df2bc23714da37d81e04d35f392c3b727f8162b093eee0000000000000000000000000000000000000000000000000000000000000000,1623562174,,,Withdrawal,0xACd614C63e7D9aed0E747D72A8723D5EA3B41424,0xACd614C63e7D9aed0E747D72A8723D5EA3B41424,0xACd614C63e7D9aed0E747D72A8723D5EA3B41424,"b""-\x8b\xc8\x9a\xb6\x07\xbcS\x0f-\xf2\xbc#qM\xa3}\x81\xe0M5\xf3\x92\xc3\xb7'\xf8\x16+\t>\xee""",0.0
0x2717c5e28cf931547B621a5dddb772Ab6A35B701,0x6203b54bc1baeb9497b33621206a37a824c89ad8bc505cba8af2f0e08ec4a083,12624262,0x02729ebcc473ab9012fd585b95c50816c24345db0795b7e2ae5d601156a00342,0x000000000000000000000000acd614c63e7d9aed0e747d72a8723d5ea3b414242a557fcb6e7bf1aebaf000821959a4f11350b6fc9072aac70638d4e47d276b8c0000000000000000000000000000000000000000000000000000000000000000,1623562290,,,Withdrawal,0xACd614C63e7D9aed0E747D72A8723D5EA3B41424,0xACd614C63e7D9aed0E747D72A8723D5EA3B41424,0xACd614C63e7D9aed0E747D72A8723D5EA3B41424,"b""*U\x7f\xcbn{\xf1\xae\xba\xf0\x00\x82\x19Y\xa4\xf1\x13P\xb6\xfc\x90r\xaa\xc7\x068\xd4\xe4}'k\x8c""",0.0
0x2717c5e28cf931547B621a5dddb772Ab6A35B701,0x092a7814d5b3f0904f7aed4bdd1ab3a295455450d326c9ba8550d1b141dc124e,12624265,0x2a1683fbb00a43cdd66070e95a387e5a8556035f799273ca9e9f50c31676807e,0x000000000000000000000000acd614c63e7d9aed0e747d72a8723d5ea3b414240dc35290199a17380a9dceba98e574ebfa2da121698ab56afa05714a4ece43870000000000000000000000000000000000000000000000000000000000000000,1623562417,,,Withdrawal,0xACd614C63e7D9aed0E747D72A8723D5EA3B41424,0xACd614C63e7D9aed0E747D72A8723D5EA3B41424,0xACd614C63e7D9aed0E747D72A8723D5EA3B41424,b'\r\xc3R\x90\x19\x9a\x178\n\x9d\xce\xba\x98\xe5t\xeb\xfa-\xa1!i\x8a\xb5j\xfa\x05qJN\xceC\x87',0.0
0x2717c5e28cf931547B621a5dddb772Ab6A35B701,0x13917f004bf38341a7ae33bcf1deb8ce6f6b401a0bac1eef20145aeacd7188d7,12624270,0x65d2b586ca4bd03f8e3b598b0b96f34433a82b4902bb8d4c06c985f2ff94d380,0x000000000000000000000000acd614c63e7d9aed0e747d72a8723d5ea3b414242f325bf33c4707e020098cb0888352b2940c46f10ebb9835e92f90a4cbceb1fb0000000000000000000000000000000000000000000000000000000000000000,1623562489,,,Withdrawal,0xACd614C63e7D9aed0E747D72A8723D5EA3B41424,0xACd614C63e7D9aed0E747D72A8723D5EA3B41424,0xACd614C63e7D9aed0E747D72A8723D5EA3B41424,b'/2[\xf3<G\x07\xe0 \t\x8c\xb0\x88\x83R\xb2\x94\x0cF\xf1\x0e\xbb\x985\xe9/\x90\xa4\xcb\xce\xb1\xfb',0.0
0x2717c5e28cf931547B621a5dddb772Ab6A35B701,0x707ddfdbd9470a1a3a7b6cf56004071e8aabb597f26bd62e5169c43108ef9f23,12624276,0x0672fe19cd3ba31fc28ff40ef325e839f164b1853d6caf66bd4da1478fd09091,0x000000000000000000000000acd614c63e7d9aed0e747d72a8723d5ea3b414242133150ef2aab9acbfb6ffef1501012b390b1ed665e0d462d4f98463eea644b50000000000000000000000000000000000000000000000000000000000000000,1623562624,,,Withdrawal,0xACd614C63e7D9aed0E747D72A8723D5EA3B41424,0xACd614C63e7D9aed0E747D72A8723D5EA3B41424,0xACd614C63e7D9aed0E747D72A8723D5EA3B41424,b'!3\x15\x0e\xf2\xaa\xb9\xac\xbf\xb6\xff\xef\x15\x01\x01+9\x0b\x1e\xd6e\xe0\xd4b\xd4\xf9\x84c\xee\xa6D\xb5',0.0
0x2717c5e28cf931547B621a5dddb772Ab6A35B701,0xd74b63e57458e3913a8eb1f4577f65c0bf24ff01c488e0cd2ba2361f80566808,12624281,0xde5160d6d21cbe873423de87b2d3a3190eab3d0ee9a3a4bbc0928098f0dcb0d2,0x000000000000000000000000acd614c63e7d9aed0e747d72a8723d5ea3b41424200e27d19fe14a8359b25d9715501d9d43f5a37e11fbeb1486e73632ef2dfc400000000000000000000000000000000000000000000000000000000000000000,1623562732,,,Withdrawal,0xACd614C63e7D9aed0E747D72A8723D5EA3B41424,0xACd614C63e7D9aed0E747D72A8723D5EA3B41424,0xACd614C63e7D9aed0E747D72A8723D5EA3B41424,"b"" \x0e'\xd1\x9f\xe1J\x83Y\xb2]\x97\x15P\x1d\x9dC\xf5\xa3~\x11\xfb\xeb\x14\x86\xe762\xef-\xfc@""",0.0
0x2717c5e28cf931547B621a5dddb772Ab6A35B701,0xd982c6e04cdcb2d104cc951aa5f70682cc0f832f7a55abd975fac474f6923d2c,12699512,0xcc9a29746296214dbb4ad36887607763f20fbad9695508d936b697db7a0be46d,0x000000000000000000000000000000000000000000000000000000000000003d0000000000000000000000000000000000000000000000000000000060d505fb,1624573435,"b')\xf1c\xfc\xa1\xae\xfc\xefI\x1c\xa0,\xa0\xed1\xc4F\xc8\xe0\xa2\xa0\x94\x81\xd1m\xf5\x06\xa3\x8fei\xd8'",61.0,Deposit,0x75A6b3B01980bf4A78C7bdecA563d04f2dc60de2,,,,
0x2717c5e28cf931547B621a5dddb772Ab6A35B701,0x96ba8829b4bfa57f6f53229b37bab3d267c55609857afac18bfd15e731e1ea87,12702022,0x96e940277feaa8550b051a6edf5abb1b116cf5b34568a629400c6a0542549a2d,0x000000000000000000000000000000000000000000000000000000000000003e0000000000000000000000000000000000000000000000000000000060d5893e,1624607038,"b""\x08\xdd\xe7\xa3\x97\xed\x80\xf8\xa0\x1a\xc8i\xe7'?Kx\xf8\x05\x95>\xa3\x800\xdco>\x0c\xd8\x15\x14_""",62.0,Deposit,0x75A6b3B01980bf4A78C7bdecA563d04f2dc60de2,,,,
0x2717c5e28cf931547B621a5dddb772Ab6A35B701,0x40017a977c45aed316134ecafb5a5e590a390f49bd03428fd71cef7eb3f4c764,12703884,0x267019f814941d2734bc1c8342c3c56a3d93e48bf5fe8b881fe89efbeb4fe44a,0x000000000000000000000000000000000000000000000000000000000000003f0000000000000000000000000000000000000000000000000000000060d5ed27,1624632615,b'.=\xe5f\xf5E\x1f\x96\xc4s\xf9\x1acm\xba\xf6\xa1\xd8]\xa8T\xa7!\xec\x16\xccU\x0ciO\xe4\x07',63.0,Deposit,0x487aD56dC6347842f268693F142B5e6BFD266e28,,,,
0x2717c5e28cf931547B621a5dddb772Ab6A35B701,0xfdffd16153b91791867b2db07a4050f5006b8b8043857262e6a4a9e5791cd369,12704247,0x48368aec486dc24ec9531df3ccc124cae4f4e311ff0e11824d255cdfb7ef0b67,0x00000000000000000000000000000000000000000000000000000000000000400000000000000000000000000000000000000000000000000000000060d6011c,1624637724,b'\x18\xf8\x1f \xe6M\x114\x9f\xeb\x81\xf5\xcf\xb9IC\x84\xfet\x1ae\x9c\x86\xe0\x80\x0e\xc1\xe2\xfe\x10\x9f^',64.0,Deposit,0x487aD56dC6347842f268693F142B5e6BFD266e28,,,,
0x2717c5e28cf931547B621a5dddb772Ab6A35B701,0xfdffd16153b91791867b2db07a4050f5006b8b8043857262e6a4a9e5791cd369,12704247,0xa02142ef0132f4653ee6a6f042125515f15c827610fbc4540eefe20fc3715983,0x00000000000000000000000000000000000000000000000000000000000000410000000000000000000000000000000000000000000000000000000060d6011c,1624637724,b'/\x0e\xb0)/\xed\xfb\x1f]\xf1n\xcc+\xc8\xbdf\xcf\xa7\xeb\x04\x9e\xb9\x02=-\x10\x94\x9d\xea\xfbKB',65.0,Deposit,0x487aD56dC6347842f268693F142B5e6BFD266e28,,,,
0x2717c5e28cf931547B621a5dddb772Ab6A35B701,0xfdffd16153b91791867b2db07a4050f5006b8b8043857262e6a4a9e5791cd369,12704247,0x6dc40abaf5c920e7f7b2a977cfa153764dda9eb787cbb60e6140a71abbe5bf96,0x00000000000000000000000000000000000000000000000000000000000000420000000000000000000000000000000000000000000000000000000060d6011c,1624637724,"b'\x1c[I\xd1A\xc0\xdd\xb0\x11\xa8Oj\x8fH9u\x13\xca^ \x96""\xac\xf2\xa1\x1e\xb2\xfbB\xa1\xf1\xd6'",66.0,Deposit,0x487aD56dC6347842f268693F142B5e6BFD266e28,,,,
0x2717c5e28cf931547B621a5dddb772Ab6A35B701,0x9d075cc8730afb0ef355e444012dd0baf85d65206ae1b072c59c95453c8f0b12,12705972,0x2c97608741a33c25aa7afe06146bd4cbe79631c3c8d358e0c4e6fbba52ed2775,0x00000000000000000000000000000000000000000000000000000000000000430000000000000000000000000000000000000000000000000000000060d65cd7,1624661207,b'\x15\xcav\xdb\xd5\xe1nW\xda\xcd+\xe4\x94=t\xc10\xcf\x92\xf8\x19\xda\x97\x04\x84J\xc4\xc1z\x89\xa4a',67.0,Deposit,0x487aD56dC6347842f268693F142B5e6BFD266e28,,,,
0x2717c5e28cf931547B621a5dddb772Ab6A35B701,0x5111b474c81e6f2d7e42f77ce6cba302621372797adf5b0989ec6a35c0302504,12787379,0xed95afdb8e5b0b401862e452684006e244af61d4aed9743d826b5641994b64ac,0x000000000000000000000000d507833ac6de16774333076e748d4f886ae5b61724f0493e4c87f042013ff5bf406c5853df42f5c03ba958bd8e4a42e22bbfa29e0000000000000000000000000000000000000000000000000000000000000000,1625756523,,,Withdrawal,0xd507833Ac6de16774333076E748d4F886aE5B617,0xd507833Ac6de16774333076E748d4F886aE5B617,0xd507833Ac6de16774333076E748d4F886aE5B617,b'$\xf0I>L\x87\xf0B\x01?\xf5\xbf@lXS\xdfB\xf5\xc0;\xa9X\xbd\x8eJB\xe2+\xbf\xa2\x9e',0.0
0x2717c5e28cf931547B621a5dddb772Ab6A35B701,0x50cce1828280029dcadcebb94520f133782490d0a18a0e62d048aad12b8d394b,12791295,0x6a009eb77f56cb4ac7292c1d672fa76987c8517097ba2ad9b2d943029faf7a46,0x00000000000000000000000000000000000000000000000000000000000000440000000000000000000000000000000000000000000000000000000060e7de05,1625808389,"b'\x04J\r""\x97\x8b\x99\xa7`&\n;W\x0f\x8b\xfb\xfa\x9b\x1fCVl\xb0\xb3\xf3\xe5<\x96q\x03(~'",68.0,Deposit,0x75A6b3B01980bf4A78C7bdecA563d04f2dc60de2,,,,
0x2717c5e28cf931547B621a5dddb772Ab6A35B701,0x3c69745a0897cb285337af5b8085f346ba5be41f126aa38e3625765880cf543e,12791324,0xdc572058f74a0904099758e7839eb697898c5f0bb98955a68786de9d5b73da73,0x00000000000000000000000000000000000000000000000000000000000000450000000000000000000000000000000000000000000000000000000060e7df41,1625808705,b'\x19u\xddy\xae\xb7\xd5\xb6\x80\xe5\x86\x9e\xe9\x0e#\x18\x1f\xdc\x0b\xaa\x1a\x1f\x87\xcc}\x10\xd4\x8a\x7f\x92\xcf\x0c',69.0,Deposit,0x75A6b3B01980bf4A78C7bdecA563d04f2dc60de2,,,,
0x2717c5e28cf931547B621a5dddb772Ab6A35B701,0xdc97876d916eb25fbdabedbbd887a29ad3c613f715344fc8c904a48daca144aa,12798182,0x5dcf4149e555babadf2d1896900fc1d5e9ca26c821a71dba776e0893ea5159d3,0x00000000000000000000000000000000000000000000000000000000000000460000000000000000000000000000000000000000000000000000000060e944ff,1625900287,"b'\x11\xf9\tV\x038\xac\x88\xb0\xeb\xc1\xbcw\xff\xaa\xe0""\xbc\xea\xd0\xcfI\xf4\x8c\xd5\x82\x838\x809\xbcI'",70.0,Deposit,0x38127A32B7d90C24cbe9aE2945c445291e4313Be,,,,
0x2717c5e28cf931547B621a5dddb772Ab6A35B701,0x269503bfd888d228f03832d07e9d5a9169d44b598ed7596f1d382a6144a1e0fb,12833721,0x01c5c412f04f32d4b3b87b90e93f4bf073629a97242a8e77493d10aa9bf337ee,0x00000000000000000000000000000000000000000000000000000000000000470000000000000000000000000000000000000000000000000000000060f09b86,1626381190,b'\x1e!\xac\x8e\xca\xaf\x97\xd5\xcd\xe00\xcf\xd7i\xdb\x9eQ2n\x1d\xb1$\xfd6w\x98\x89\x07\xc2c\xf4F',71.0,Deposit,0x121aD4dAfF41da6f2Fd15FCb910e12F5ecD1F820,,,,
0x2717c5e28cf931547B621a5dddb772Ab6A35B701,0x4ddefa9ad9ff4297b296b99b9ace13db1fb72598890e3ee947f7f24108a0f00e,12843667,0x78ae8763ef4756039acc965663872f306a7aaacbd29100b90b89767a2356c8e8,0x000000000000000000000000881f7504d43788eab1544311f394d42087f698e12ef135603220acb7d759653260f5e4248eace93301840a170b6165126985e0270000000000000000000000000000000000000000000000000000000000000000,1626516873,,,Withdrawal,0x881f7504d43788eAB1544311f394D42087F698e1,0x881f7504d43788eAB1544311f394D42087F698e1,0x881f7504d43788eAB1544311f394D42087F698e1,"b"".\xf15`2 \xac\xb7\xd7Ye2`\xf5\xe4$\x8e\xac\xe93\x01\x84\n\x17\x0bae\x12i\x85\xe0'""",0.0
0x2717c5e28cf931547B621a5dddb772Ab6A35B701,0xb27ecd1b425012f0e652a30eb79484d8adde5e1eba1bb47089c9dc11557cf327,12843679,0xd6e60e71164ecac8fd971bb6dfa6afc8d677032a48229ace167e6b5a72fa0c02,0x000000000000000000000000881f7504d43788eab1544311f394d42087f698e121cdfc40bde40effb859abf5d4810fb09b307362e5f310f9842e3a79bb19a4630000000000000000000000000000000000000000000000000000000000000000,1626517024,,,Withdrawal,0x881f7504d43788eAB1544311f394D42087F698e1,0x881f7504d43788eAB1544311f394D42087F698e1,0x881f7504d43788eAB1544311f394D42087F698e1,b'!\xcd\xfc@\xbd\xe4\x0e\xff\xb8Y\xab\xf5\xd4\x81\x0f\xb0\x9b0sb\xe5\xf3\x10\xf9\x84.:y\xbb\x19\xa4c',0.0
0x2717c5e28cf931547B621a5dddb772Ab6A35B701,0xcbeb4165622fcfb168abf6bee7aed2237ff7e86a882355dbe976c5376c40c907,12843686,0x4bf38a21dfd00522fcf943cd7fe595996336a21956297c429633b5328fce775a,0x000000000000000000000000881f7504d43788eab1544311f394d42087f698e12f19bd83072b036dabb0163b6d428209297e293ef7e35e5286b6d15ae8c1afe80000000000000000000000000000000000000000000000000000000000000000,1626517103,,,Withdrawal,0x881f7504d43788eAB1544311f394D42087F698e1,0x881f7504d43788eAB1544311f394D42087F698e1,0x881f7504d43788eAB1544311f394D42087F698e1,b'/\x19\xbd\x83\x07+\x03m\xab\xb0\x16;mB\x82\t)~)>\xf7\xe3^R\x86\xb6\xd1Z\xe8\xc1\xaf\xe8',0.0
0x2717c5e28cf931547B621a5dddb772Ab6A35B701,0xba0226b1bf129b491737123c2562d4f5f1a9122ce1d03cf2ae8575399caf8390,12843695,0xa44150a1406df3201cf231bc2e506195ca214f932a7eb86d1bbc793df09b7f7b,0x000000000000000000000000881f7504d43788eab1544311f394d42087f698e106fc7e19ccbd86a95966bdffc356cf213663fed875821cc6ac04e764d785625c0000000000000000000000000000000000000000000000000000000000000000,1626517182,,,Withdrawal,0x881f7504d43788eAB1544311f394D42087F698e1,0x881f7504d43788eAB1544311f394D42087F698e1,0x881f7504d43788eAB1544311f394D42087F698e1,b'\x06\xfc~\x19\xcc\xbd\x86\xa9Yf\xbd\xff\xc3V\xcf!6c\xfe\xd8u\x82\x1c\xc6\xac\x04\xe7d\xd7\x85b\\',0.0
0x2717c5e28cf931547B621a5dddb772Ab6A35B701,0x142c033ca51e2a4851234b715be11c748afdd6ba98b4abd4389dd57487badee1,12843865,0xb4050306e1cbada44b233a8d24b0c8794a355488dd89180abcb1c6db22a014a4,0x00000000000000000000000000000000000000000000000000000000000000480000000000000000000000000000000000000000000000000000000060f2b7b1,1626519473,b'\x1d#M\xea\x9f\\\xf0)X\x93X\xed3\xa2\x06\xa1\xbc\x1bg\x01\x87\xecb\xa4\xb9u.s\xfb\x9a7\r',72.0,Deposit,0x881f7504d43788eAB1544311f394D42087F698e1,,,,
0x2717c5e28cf931547B621a5dddb772Ab6A35B701,0x223cc3042134b1f12411629f6aa6d26ff83fe0218f69941169bc61af23bf8d0a,12843886,0xed74deb47f4318afbe69117776f90b00ba7dc2f11ca27cb39465c48260fce6a5,0x00000000000000000000000000000000000000000000000000000000000000490000000000000000000000000000000000000000000000000000000060f2b956,1626519894,b')Z\xae\r\x8d\xd0y\x95n\xc5\x13\xe8\x9a\xfd\xeb\xb4\xe7\xe8W>G 6#\x82\x96\xf6\x05\x1c\xdb]\xc6',73.0,Deposit,0x881f7504d43788eAB1544311f394D42087F698e1,,,,
0x2717c5e28cf931547B621a5dddb772Ab6A35B701,0xe533ef93293e88a94a19a7a1fa71814b851c96bbc7cfed6713539c8f7f083b0f,12843896,0x3421d7c490fa1954ffa6c068d2cd62743aa9532d24fc630aff79855551009926,0x000000000000000000000000000000000000000000000000000000000000004a0000000000000000000000000000000000000000000000000000000060f2b9c8,1626520008,"b'""\xebs\xbf\x18[g\x95\tsH\x10w\x03iUY\xf5\xafX\x93\xa8\\\xf4\xe4\xc5\xbc\x07\xe9X)R'",74.0,Deposit,0x881f7504d43788eAB1544311f394D42087F698e1,,,,
0x2717c5e28cf931547B621a5dddb772Ab6A35B701,0x6143b53af3784bc0457d06eda0eee71fc5d83c521f471dee88bf636ebf3cf07e,12843906,0xe367ed9bb05b89ba0e97aa000fa4f07fbff955f0538a18c8adf6c9ed3b4b7077,0x000000000000000000000000000000000000000000000000000000000000004b0000000000000000000000000000000000000000000000000000000060f2ba0c,1626520076,"b""\x1c\x83;\xc9\x00\xfd\x84\xbc'\x9bp\xb2\xa1\xb4\xf5K\xdb\xa6\x8b\x05\xd3\x0ei*2W\x1cY\xe7\xa4\x18n""",75.0,Deposit,0x881f7504d43788eAB1544311f394D42087F698e1,,,,
0x2717c5e28cf931547B621a5dddb772Ab6A35B701,0xeee444282e5ddd47b57586708feb29555a8fe7ad228aed12456233fdbe49f3e0,12844013,0xdcaf0007765f7edd4b82a4b17b9d241ee2945c0dac65f7806d56335569262bda,0x00000000000000000000000038127a32b7d90c24cbe9ae2945c445291e4313be1305f573c72334b9c8d2a738253492388044477a962fdbe6f87cf1f679b60d710000000000000000000000000000000000000000000000000000000000000000,1626521608,,,Withdrawal,0x38127A32B7d90C24cbe9aE2945c445291e4313Be,0x38127A32B7d90C24cbe9aE2945c445291e4313Be,0x38127A32B7d90C24cbe9aE2945c445291e4313Be,b'\x13\x05\xf5s\xc7#4\xb9\xc8\xd2\xa78%4\x928\x80DGz\x96/\xdb\xe6\xf8|\xf1\xf6y\xb6\rq',0.0
0x2717c5e28cf931547B621a5dddb772Ab6A35B701,0xf56935a9b984ba3758a814961c851815b5e329436b458550757ded6473c5c4be,12844106,0x27c287cf705a3e589d23070a054eb309f93aca005687de8669bbef128fedd94b,0x000000000000000000000000000000000000000000000000000000000000004c0000000000000000000000000000000000000000000000000000000060f2c4bd,1626522813,b'\x0c\x96}\x11\xb0\xc8w\xe2\x8d\xe0\xbf\xf3\xf8\x90\xca\x86\xbei\xde\xb8\xe5\xe3y\xc2\x91)\x9e\xa91\xe5\xe2>',76.0,Deposit,0x38127A32B7d90C24cbe9aE2945c445291e4313Be,,,,
0x2717c5e28cf931547B621a5dddb772Ab6A35B701,0xf56935a9b984ba3758a814961c851815b5e329436b458550757ded6473c5c4be,12844106,0x0a25b79ae26199edc7957aa71258ed5deed8debbf2c73324207621c342c76ace,0x000000000000000000000000000000000000000000000000000000000000004d0000000000000000000000000000000000000000000000000000000060f2c4bd,1626522813,b'#f\xde\xce0\x9c=\xff\x17\xfal\xc2\xa9\xcd\x11\x0f\xb7o\xb4\xe04Wn\xbd\xc8\x1a\xb7\x03\xd5\x86\x0el',77.0,Deposit,0x38127A32B7d90C24cbe9aE2945c445291e4313Be,,,,
0x2717c5e28cf931547B621a5dddb772Ab6A35B701,0x567db4390dd9f0d8de5af483eeba86afc6805c2349426d5ef7524aeedb609ee3,12844185,0x1f06a6ba09abafe68289f13a3dff5507f6fb4ad2e35d3b97c9dfd002f0d17074,0x000000000000000000000000000000000000000000000000000000000000004e0000000000000000000000000000000000000000000000000000000060f2c8ea,1626523882,"b'#*(5\xe2i0\xee\xda7M\xc1\x9e\x7f,x\xad\xb7\xd2\xe8\x885\x91c3\xda\xbc\x86\xa09\xbc\xef'",78.0,Deposit,0x38127A32B7d90C24cbe9aE2945c445291e4313Be,,,,
0x2717c5e28cf931547B621a5dddb772Ab6A35B701,0x8b822bdae3d5a3aef0c0cc0327953da85f88b046430de7c3380e171163b403e8,12845046,0x4bf39aff750490a98bd9edec81ca5b955b8cb109809664d0a71f573e93423142,0x000000000000000000000000000000000000000000000000000000000000004f0000000000000000000000000000000000000000000000000000000060f2f6c1,1626535617,b'\x04\x16\x1b\xce\xd7\xf1\xd8\xe0e\xd6\xf02\xd5\xfb\x9bI\xb6\xef45S\xe7\x12t\x81p\x920\x91\xab\xd8\xb7',79.0,Deposit,0x38127A32B7d90C24cbe9aE2945c445291e4313Be,,,,
0x2717c5e28cf931547B621a5dddb772Ab6A35B701,0xf87364cb546bfadf640c867cc28443262da950230d8603d2c27d30c9aa3072c5,12951779,0xda1431211454055dcde23c1e97eaf36359b37a046b979015aea34d3c8563f53b,0x000000000000000000000000fe98b3562d97ea33e78e90689d3c40f1af75a62a0ed45d1c9f1c3aeaa12dec7f6adfe0a6a9772ac9790572d981cb72f9c3d76dfe0000000000000000000000000000000000000000000000000000000000000000,1627986395,,,Withdrawal,0xfe98b3562D97Ea33e78E90689D3C40F1aF75A62a,0xfe98b3562D97Ea33e78E90689D3C40F1aF75A62a,0xfe98b3562D97Ea33e78E90689D3C40F1aF75A62a,b'\x0e\xd4]\x1c\x9f\x1c:\xea\xa1-\xec\x7fj\xdf\xe0\xa6\xa9w*\xc9y\x05r\xd9\x81\xcbr\xf9\xc3\xd7m\xfe',0.0
0x2717c5e28cf931547B621a5dddb772Ab6A35B701,0x63e4c2e0472081191ed465f37de34c7f9df80c0237070ca48753db47e2b59cf8,12979861,0xf72d23287b3bf7dfc53633e3be0f728d9d5068eadb927eb79045d31d34f6538d,0x000000000000000000000000000000000000000000000000000000000000005000000000000000000000000000000000000000000000000000000000610edf52,1628364626,b'\n\xb9\x93G\xb8\x80W\xa9v\xdf^o\xd3E]\xdb*\xbbB\xfe\xec\t\xec\x8c\xc8|\xacI\xb6.\xff\xaa',80.0,Deposit,0x121aD4dAfF41da6f2Fd15FCb910e12F5ecD1F820,,,,
0x2717c5e28cf931547B621a5dddb772Ab6A35B701,0x247eb4a01e6b932d5cf6d4d3c1f8567ae9328cae309052472de2a54bca7abbbe,12979878,0x17fbe8064ec456207877dfe732361d76bff9ebd516db4015d9b685ffbdfd2f84,0x000000000000000000000000000000000000000000000000000000000000005100000000000000000000000000000000000000000000000000000000610ee020,1628364832,b' <\xdbIv\x96\x91\xf4\xe8\xd1T\x0e\xc1/6\x8c\xa4\x86\x83y\xf4tC:y\xd1\xee\x8e\x1c\xcbT\x92',81.0,Deposit,0x121aD4dAfF41da6f2Fd15FCb910e12F5ecD1F820,,,,
0x2717c5e28cf931547B621a5dddb772Ab6A35B701,0x58847052fb504be99a42d20e29684cc9cd9024503bfa1e678efded6429982678,12979936,0x6b030a7e390ee43a99e9a87f09b910de0f6106229ab7d2457e6d0aee7b7aff4d,0x000000000000000000000000000000000000000000000000000000000000005200000000000000000000000000000000000000000000000000000000610ee31c,1628365596,"b""\x076\x0e2y0\x87\xae\x1d*p$\xacP\x9f\xf1WT\x1b\xdb\xc3\xcet_\xda\x04'\xa8\xaf~\x92\xd4""",82.0,Deposit,0x121aD4dAfF41da6f2Fd15FCb910e12F5ecD1F820,,,,
0x2717c5e28cf931547B621a5dddb772Ab6A35B701,0xd5d8034b0277e2ff867e236b522a50c1ffa839ef3cfde6af155444691f32d46e,12986437,0x9d3615a9edc4f3d72d32de299a40fd60b79bb18ab123a64268bfeede9100802d,0x00000000000000000000000000000000000000000000000000000000000000530000000000000000000000000000000000000000000000000000000061103520,1628452128,b'\x0e\xe8\xd6q\xfc\x12\xda\x94\xb0H\xe3\xeb\xfd\x12I\x8b\xab\\\xb5\xe6].\x04j\xc3\x88\x84\xf7Z\x81\xa9\xf0',83.0,Deposit,0xfe98b3562D97Ea33e78E90689D3C40F1aF75A62a,,,,
0x2717c5e28cf931547B621a5dddb772Ab6A35B701,0xd93423fa14646edcc3bd88d4525d32d242fd192b0ef8ddbc1462082571b8bde1,13024900,0x807dc84a0d507d0c3a27dde31090ad71b6068620c47e95189aaa42c3f975dd79,0x00000000000000000000000075a6b3b01980bf4a78c7bdeca563d04f2dc60de204be6ef013ab1b2c50cd86bb2fd6c9c8ad283b702695713d5aaec50cb184f8f50000000000000000000000000000000000000000000000000000000000000000,1628965656,,,Withdrawal,0x75A6b3B01980bf4A78C7bdecA563d04f2dc60de2,0x75A6b3B01980bf4A78C7bdecA563d04f2dc60de2,0x75A6b3B01980bf4A78C7bdecA563d04f2dc60de2,"b'\x04\xben\xf0\x13\xab\x1b,P\xcd\x86\xbb/\xd6\xc9\xc8\xad(;p&\x95q=Z\xae\xc5\x0c\xb1\x84\xf8\xf5'",0.0
0x2717c5e28cf931547B621a5dddb772Ab6A35B701,0x534d423e0a3b5dc9b0ed0e5381f4afeab85eced163c3907b61594ab4788cf4bf,13024904,0xfcdb572b624c89945e83de6f9c4c631537c673bec7fc8caf4f3ce0c7a46b3782,0x00000000000000000000000075a6b3b01980bf4a78c7bdeca563d04f2dc60de2162a51a3bfe80dbcd67314b808ed78016e10766e8b2d415fb154182346604b500000000000000000000000000000000000000000000000000000000000000000,1628965764,,,Withdrawal,0x75A6b3B01980bf4A78C7bdecA563d04f2dc60de2,0x75A6b3B01980bf4A78C7bdecA563d04f2dc60de2,0x75A6b3B01980bf4A78C7bdecA563d04f2dc60de2,b'\x16*Q\xa3\xbf\xe8\r\xbc\xd6s\x14\xb8\x08\xedx\x01n\x10vn\x8b-A_\xb1T\x18#F`KP',0.0
0x2717c5e28cf931547B621a5dddb772Ab6A35B701,0x0db7198622ad672b9d06ef3f4d38e403805caa03b7d51c73d9e4373d6cc47fa5,13024916,0xd53f7c2a9892f5525d0377e6039f4bf4a7339964983cd30487714937d4b632ad,0x00000000000000000000000075a6b3b01980bf4a78c7bdeca563d04f2dc60de2065560f8ad06ad22a0470c648c6893a9bcddd73fc6a3827366eb8ce8a0e78fe50000000000000000000000000000000000000000000000000000000000000000,1628965955,,,Withdrawal,0x75A6b3B01980bf4A78C7bdecA563d04f2dc60de2,0x75A6b3B01980bf4A78C7bdecA563d04f2dc60de2,0x75A6b3B01980bf4A78C7bdecA563d04f2dc60de2,"b'\x06U`\xf8\xad\x06\xad""\xa0G\x0cd\x8ch\x93\xa9\xbc\xdd\xd7?\xc6\xa3\x82sf\xeb\x8c\xe8\xa0\xe7\x8f\xe5'",0.0
0x2717c5e28cf931547B621a5dddb772Ab6A35B701,0xad379baf1f15a3bde88e44dfe7c34bd0f8ac7393c8d79dc3921bf5aba4dcec59,13024925,0x185124e22a1f913f3f71db70fc38d7ae56cd2e671bc08ebcd44d2de6f488cdbe,0x00000000000000000000000075a6b3b01980bf4a78c7bdeca563d04f2dc60de203c1d29858b5030b2ffe616757c28a34996891e319fe185bf090cab2e09ceaa10000000000000000000000000000000000000000000000000000000000000000,1628966121,,,Withdrawal,0x75A6b3B01980bf4A78C7bdecA563d04f2dc60de2,0x75A6b3B01980bf4A78C7bdecA563d04f2dc60de2,0x75A6b3B01980bf4A78C7bdecA563d04f2dc60de2,b'\x03\xc1\xd2\x98X\xb5\x03\x0b/\xfeagW\xc2\x8a4\x99h\x91\xe3\x19\xfe\x18[\xf0\x90\xca\xb2\xe0\x9c\xea\xa1',0.0
0x2717c5e28cf931547B621a5dddb772Ab6A35B701,0x5d695ae8aa9c0d8fca1ab27620da4c949f343005f0ea606f887781de517c7fd9,13067158,0x78e248dfb2ae7fa666b44e68c3a018be806cb5e52a9c022e0c595ed66ee7c22a,0x00000000000000000000000038127a32b7d90c24cbe9ae2945c445291e4313be08006804e5fc9b9503bcd1fd1e7e01a92403280c6c765b1a944523b0dc030a6e0000000000000000000000000000000000000000000000000000000000000000,1629528635,,,Withdrawal,0x38127A32B7d90C24cbe9aE2945c445291e4313Be,0x38127A32B7d90C24cbe9aE2945c445291e4313Be,0x38127A32B7d90C24cbe9aE2945c445291e4313Be,b'\x08\x00h\x04\xe5\xfc\x9b\x95\x03\xbc\xd1\xfd\x1e~\x01\xa9$\x03(\x0clv[\x1a\x94E#\xb0\xdc\x03\nn',0.0
0x2717c5e28cf931547B621a5dddb772Ab6A35B701,0x8995ac346d82b79aff125da0d0a0f7db92978297be48d279ebf09946f37193ec,13067207,0xb8598f62a5ca86dd2137224c70c4e29bad25f42222e45da8e107104a2d3ab42e,0x00000000000000000000000038127a32b7d90c24cbe9ae2945c445291e4313be0f92ef8eb42fed429dc73497fb759d7a89d973999ed1742a43e524f3cd63e09a0000000000000000000000000000000000000000000000000000000000000000,1629529273,,,Withdrawal,0x38127A32B7d90C24cbe9aE2945c445291e4313Be,0x38127A32B7d90C24cbe9aE2945c445291e4313Be,0x38127A32B7d90C24cbe9aE2945c445291e4313Be,b'\x0f\x92\xef\x8e\xb4/\xedB\x9d\xc74\x97\xfbu\x9dz\x89\xd9s\x99\x9e\xd1t*C\xe5$\xf3\xcdc\xe0\x9a',0.0
0x2717c5e28cf931547B621a5dddb772Ab6A35B701,0xddfb064b5a9930644957e7fc9fdd8edf5452a7019267e89d0111d7f4b5a4dabb,13067226,0x65e20f12fd89ba41b5af7a4ae56bcb76fd61ca634952f93600f966329470de9c,0x00000000000000000000000038127a32b7d90c24cbe9ae2945c445291e4313be170112dff247b18d7a16baf1ae0e163fa2e3d5fdf9e58660f5d2868b6ed2b4940000000000000000000000000000000000000000000000000000000000000000,1629529574,,,Withdrawal,0x38127A32B7d90C24cbe9aE2945c445291e4313Be,0x38127A32B7d90C24cbe9aE2945c445291e4313Be,0x38127A32B7d90C24cbe9aE2945c445291e4313Be,b'\x17\x01\x12\xdf\xf2G\xb1\x8dz\x16\xba\xf1\xae\x0e\x16?\xa2\xe3\xd5\xfd\xf9\xe5\x86`\xf5\xd2\x86\x8bn\xd2\xb4\x94',0.0
0x2717c5e28cf931547B621a5dddb772Ab6A35B701,0x6647c0df67cb62f03bd0fa604e30ef807892731895cf4cb52eb421885c669c79,13067238,0x617a20819a4afad2075b8e3de20d8189a035d9d63e2e6a77b0b521fe12a11189,0x00000000000000000000000038127a32b7d90c24cbe9ae2945c445291e4313be03fc179d49c9b60f2254654395e9c83376a669e36e80b3affa58747f0b83e3c20000000000000000000000000000000000000000000000000000000000000000,1629529768,,,Withdrawal,0x38127A32B7d90C24cbe9aE2945c445291e4313Be,0x38127A32B7d90C24cbe9aE2945c445291e4313Be,0x38127A32B7d90C24cbe9aE2945c445291e4313Be,"b'\x03\xfc\x17\x9dI\xc9\xb6\x0f""TeC\x95\xe9\xc83v\xa6i\xe3n\x80\xb3\xaf\xfaXt\x7f\x0b\x83\xe3\xc2'",0.0
0x2717c5e28cf931547B621a5dddb772Ab6A35B701,0x0fbd8fe0271c5e066cd03f6d204927a02b26eb1a059414f30c20b554f36b992a,13197634,0x16a8204e6506627243b1333a575df2d490f387871927bafb9aeb65cdb56eed76,0x000000000000000000000000000000000000000000000000000000000000005400000000000000000000000000000000000000000000000000000000613b3bce,1631271886,b'\x06\xedW\xca\x8e\xf1\xafSm\xf0;_>S:\x94\xd5\xab\xa5\xaf\x99F\x82\xed\x9a\x1e9CT\xb7Y\xa8',84.0,Deposit,0x121aD4dAfF41da6f2Fd15FCb910e12F5ecD1F820,,,,
0x2717c5e28cf931547B621a5dddb772Ab6A35B701,0x43ec4d82d73e2f4ca931793052dfe1b08eeb32c487003fb24c452520f2dcc813,13197677,0xd1af89195e8687c84d2646d7b6c30e7b6296d7cb5169dbd88146c05cf62c72c7,0x000000000000000000000000000000000000000000000000000000000000005500000000000000000000000000000000000000000000000000000000613b3dcb,1631272395,"b'\x1f\x9b\xeb:\xb3.""""0\xcaH\xcfZ4p\x8dj\xd3:,s\x01\x18\x1f\x80\xa3\xc3l\x1a\xa9\xeb\x99'",85.0,Deposit,0x121aD4dAfF41da6f2Fd15FCb910e12F5ecD1F820,,,,
0x2717c5e28cf931547B621a5dddb772Ab6A35B701,0xe4b9241316e61ecb227e60795655a9bbed54337923abba19088568f3edd9de26,13207957,0x5b094c2569fa2c0bcbd219486034e1b6cfe64464edf01165d97f835a8e25bd24,0x0000000000000000000000007dca2f7da83c26fcebc5b0562ba2f707ed8fe00b1cc5c5088fb7dd381706c486f1010f0236ce251f669647323f5dfdede3aaba720000000000000000000000000000000000000000000000000000000000000000,1631410258,,,Withdrawal,0x7DCA2F7da83C26FCeBC5B0562BA2F707ed8Fe00b,0x0000000000000000000000000000000000000000,0x7DCA2F7da83C26FCeBC5B0562BA2F707ed8Fe00b,b'\x1c\xc5\xc5\x08\x8f\xb7\xdd8\x17\x06\xc4\x86\xf1\x01\x0f\x026\xce%\x1ff\x96G2?]\xfd\xed\xe3\xaa\xbar',0.0
0x2717c5e28cf931547B621a5dddb772Ab6A35B701,0xe9a688d19b0e7d455167b2e148bb734c9e23537d0055e4a3cdfdcbcab05f35cf,13207964,0x785e62d8abbcc5f159659e3cb941523a9e6b5f49e3d56068cdb50ac16f18f944,0x0000000000000000000000007dca2f7da83c26fcebc5b0562ba2f707ed8fe00b10ad3cb5dc704e68d586aced7f9256c8051bbe1c13252b6ca0b8838bebe3b92a0000000000000000000000000000000000000000000000000000000000000000,1631410349,,,Withdrawal,0x7DCA2F7da83C26FCeBC5B0562BA2F707ed8Fe00b,0x0000000000000000000000000000000000000000,0x7DCA2F7da83C26FCeBC5B0562BA2F707ed8Fe00b,b'\x10\xad<\xb5\xdcpNh\xd5\x86\xac\xed\x7f\x92V\xc8\x05\x1b\xbe\x1c\x13%+l\xa0\xb8\x83\x8b\xeb\xe3\xb9*',0.0
0x2717c5e28cf931547B621a5dddb772Ab6A35B701,0xe9a688d19b0e7d455167b2e148bb734c9e23537d0055e4a3cdfdcbcab05f35cf,13207964,0x73468b4a108830ae8637b3e78693589162de152f5bb879a5fae9748d63c1febb,0x0000000000000000000000007dca2f7da83c26fcebc5b0562ba2f707ed8fe00b214bf0837d4aac8f6670dbdd3e8ee979bfceaeb4ad677ec83d9659a181743f200000000000000000000000000000000000000000000000000000000000000000,1631410349,,,Withdrawal,0x7DCA2F7da83C26FCeBC5B0562BA2F707ed8Fe00b,0x0000000000000000000000000000000000000000,0x7DCA2F7da83C26FCeBC5B0562BA2F707ed8Fe00b,b'!K\xf0\x83}J\xac\x8ffp\xdb\xdd>\x8e\xe9y\xbf\xce\xae\xb4\xadg~\xc8=\x96Y\xa1\x81t? ',0.0
0x2717c5e28cf931547B621a5dddb772Ab6A35B701,0xe9a688d19b0e7d455167b2e148bb734c9e23537d0055e4a3cdfdcbcab05f35cf,13207964,0x1db883f65e3692042a4a07993ef8265470c8063b92e6b736e01b722a83d39cc1,0x0000000000000000000000007dca2f7da83c26fcebc5b0562ba2f707ed8fe00b3018176955a473825c5ba9d040636fe87d74cdb35c604c3b4da53bfcd87c50530000000000000000000000000000000000000000000000000000000000000000,1631410349,,,Withdrawal,0x7DCA2F7da83C26FCeBC5B0562BA2F707ed8Fe00b,0x0000000000000000000000000000000000000000,0x7DCA2F7da83C26FCeBC5B0562BA2F707ed8Fe00b,b'0\x18\x17iU\xa4s\x82\\[\xa9\xd0@co\xe8}t\xcd\xb3\\`L;M\xa5;\xfc\xd8|PS',0.0
0x2717c5e28cf931547B621a5dddb772Ab6A35B701,0xe9a688d19b0e7d455167b2e148bb734c9e23537d0055e4a3cdfdcbcab05f35cf,13207964,0xa81d42fccc5e29ee5eff4c7bae79cee48cb8c71d8c80fc23b38f8828e3d2412b,0x0000000000000000000000007dca2f7da83c26fcebc5b0562ba2f707ed8fe00b28aef1638bfc9c3a307ddb75c403586164f5ea27d5ce0d07a76808c614e1a2790000000000000000000000000000000000000000000000000000000000000000,1631410349,,,Withdrawal,0x7DCA2F7da83C26FCeBC5B0562BA2F707ed8Fe00b,0x0000000000000000000000000000000000000000,0x7DCA2F7da83C26FCeBC5B0562BA2F707ed8Fe00b,"b""(\xae\xf1c\x8b\xfc\x9c:0}\xdbu\xc4\x03Xad\xf5\xea'\xd5\xce\r\x07\xa7h\x08\xc6\x14\xe1\xa2y""",0.0
0x2717c5e28cf931547B621a5dddb772Ab6A35B701,0xe9a688d19b0e7d455167b2e148bb734c9e23537d0055e4a3cdfdcbcab05f35cf,13207964,0x8e9f16181d40afcdebc68f2c719427ffeb0b16a9263dccecbacd3c0794240f82,0x0000000000000000000000007dca2f7da83c26fcebc5b0562ba2f707ed8fe00b11b1f29cde53988462683ded13b8f2ac5543ae714378c43b11c800913e0199b40000000000000000000000000000000000000000000000000000000000000000,1631410349,,,Withdrawal,0x7DCA2F7da83C26FCeBC5B0562BA2F707ed8Fe00b,0x0000000000000000000000000000000000000000,0x7DCA2F7da83C26FCeBC5B0562BA2F707ed8Fe00b,b'\x11\xb1\xf2\x9c\xdeS\x98\x84bh=\xed\x13\xb8\xf2\xacUC\xaeqCx\xc4;\x11\xc8\x00\x91>\x01\x99\xb4',0.0
0x2717c5e28cf931547B621a5dddb772Ab6A35B701,0xe9a688d19b0e7d455167b2e148bb734c9e23537d0055e4a3cdfdcbcab05f35cf,13207964,0x496b81e9dd179b1454047b983cdc75395a6e184dcb9d4963a22d65d97c21450d,0x0000000000000000000000007dca2f7da83c26fcebc5b0562ba2f707ed8fe00b28b44fe636083296c0a1e89c8e49f14b307f75e623d0c066660b371d09c0f4600000000000000000000000000000000000000000000000000000000000000000,1631410349,,,Withdrawal,0x7DCA2F7da83C26FCeBC5B0562BA2F707ed8Fe00b,0x0000000000000000000000000000000000000000,0x7DCA2F7da83C26FCeBC5B0562BA2F707ed8Fe00b,b'(\xb4O\xe66\x082\x96\xc0\xa1\xe8\x9c\x8eI\xf1K0\x7fu\xe6#\xd0\xc0ff\x0b7\x1d\t\xc0\xf4`',0.0
0x2717c5e28cf931547B621a5dddb772Ab6A35B701,0xe9a688d19b0e7d455167b2e148bb734c9e23537d0055e4a3cdfdcbcab05f35cf,13207964,0x16199296b542c8cd24b5ad0a6cff40642da95bb589e7e9b003a55feda2d240cc,0x0000000000000000000000007dca2f7da83c26fcebc5b0562ba2f707ed8fe00b123c151058dd4047ea0ba6d4651ee694832238cb9e9b0e3e8d0c3ac574c1dee40000000000000000000000000000000000000000000000000000000000000000,1631410349,,,Withdrawal,0x7DCA2F7da83C26FCeBC5B0562BA2F707ed8Fe00b,0x0000000000000000000000000000000000000000,0x7DCA2F7da83C26FCeBC5B0562BA2F707ed8Fe00b,"b'\x12<\x15\x10X\xdd@G\xea\x0b\xa6\xd4e\x1e\xe6\x94\x83""8\xcb\x9e\x9b\x0e>\x8d\x0c:\xc5t\xc1\xde\xe4'",0.0
0x2717c5e28cf931547B621a5dddb772Ab6A35B701,0x320d07c5b257bdf00c04ba433ac554161f92b1717ebf5f007200cd2d667d9aea,13207971,0xba604d432c5481cc2abbf0e46eddada710146e64fcfb620b2f3795ca549f90bc,0x0000000000000000000000007dca2f7da83c26fcebc5b0562ba2f707ed8fe00b13871385d1891fe3896a9e523e6d12a8879d6a902cc83febd3f466b2b18cd17e0000000000000000000000000000000000000000000000000000000000000000,1631410468,,,Withdrawal,0x7DCA2F7da83C26FCeBC5B0562BA2F707ed8Fe00b,0x0000000000000000000000000000000000000000,0x7DCA2F7da83C26FCeBC5B0562BA2F707ed8Fe00b,"b'\x13\x87\x13\x85\xd1\x89\x1f\xe3\x89j\x9eR>m\x12\xa8\x87\x9dj\x90,\xc8?\xeb\xd3\xf4f\xb2\xb1\x8c\xd1~'",0.0
0x2717c5e28cf931547B621a5dddb772Ab6A35B701,0xa2a1c4ef7f4f9b415e9835cd901b0bbc164c9031ae8b49131fcca66734d23d68,13207973,0x31ecdb6bbd8ffba5a50b40cc0e65852572f807de962e5de143d3eee35a06974f,0x0000000000000000000000007dca2f7da83c26fcebc5b0562ba2f707ed8fe00b177a5bf70212e680221ebd49e1aa0a9bbc772af9c68ac9d772495e309494b0900000000000000000000000000000000000000000000000000000000000000000,1631410481,,,Withdrawal,0x7DCA2F7da83C26FCeBC5B0562BA2F707ed8Fe00b,0x0000000000000000000000000000000000000000,0x7DCA2F7da83C26FCeBC5B0562BA2F707ed8Fe00b,"b'\x17z[\xf7\x02\x12\xe6\x80""\x1e\xbdI\xe1\xaa\n\x9b\xbcw*\xf9\xc6\x8a\xc9\xd7rI^0\x94\x94\xb0\x90'",0.0
0x2717c5e28cf931547B621a5dddb772Ab6A35B701,0x8dd2f5e43140d072441809ecfa082bb6d1ab0f9f4274fd00c6f83d073bbfcebc,13208700,0x5b5ff6c3437d2ca630ca1be41b7406624719ab701452a102c955b55cac9eaf88,0x0000000000000000000000009677d26b32eb17a2dd449cac33be9206e48f6068000a1754428b527b924c2d6f0afdfc829140143326bba6a1067b3ea1d0abe6200000000000000000000000000000000000000000000000000000000000000000,1631419741,,,Withdrawal,0x9677d26b32Eb17A2dD449caC33be9206e48F6068,0x9677d26b32Eb17A2dD449caC33be9206e48F6068,0x9677d26b32Eb17A2dD449caC33be9206e48F6068,b'\x00\n\x17TB\x8bR{\x92L-o\n\xfd\xfc\x82\x91@\x143&\xbb\xa6\xa1\x06{>\xa1\xd0\xab\xe6 ',0.0
0x2717c5e28cf931547B621a5dddb772Ab6A35B701,0xdf279936b5a04e405230a6cfef097e7c96b75d5d9735cfe5e8966c64fe7f2772,13210492,0xdfb420e35ce1a8bfd5d15164382015b53e1a9de69b9ac21e21ef1843363d724b,0x000000000000000000000000c5a0d3340d8a4c46e91a9944b6bd866724fb34da0bd61912e6a88197b04b3331cd79fd84b3ec04ec77cc2808fff46976090779670000000000000000000000000000000000000000000000000000000000000000,1631443711,,,Withdrawal,0xC5a0D3340D8a4c46e91a9944B6bd866724fb34dA,0xC5a0D3340D8a4c46e91a9944B6bd866724fb34dA,0xC5a0D3340D8a4c46e91a9944B6bd866724fb34dA,b'\x0b\xd6\x19\x12\xe6\xa8\x81\x97\xb0K31\xcdy\xfd\x84\xb3\xec\x04\xecw\xcc(\x08\xff\xf4iv\t\x07yg',0.0
0x2717c5e28cf931547B621a5dddb772Ab6A35B701,0x0b8344d440a2b419689a5ceb5522aaaa613cdc292163206af728c1eb6f29ff83,13210502,0xdb1cd6d9e9094016763207586cef133e3e92382291f05001cdda7e78926513ba,0x000000000000000000000000c5a0d3340d8a4c46e91a9944b6bd866724fb34da0e9b9a2996f717c6c5a41d080973ebc4aa6a304aecb5a939462dd593fed699b10000000000000000000000000000000000000000000000000000000000000000,1631443852,,,Withdrawal,0xC5a0D3340D8a4c46e91a9944B6bd866724fb34dA,0xC5a0D3340D8a4c46e91a9944B6bd866724fb34dA,0xC5a0D3340D8a4c46e91a9944B6bd866724fb34dA,b'\x0e\x9b\x9a)\x96\xf7\x17\xc6\xc5\xa4\x1d\x08\ts\xeb\xc4\xaaj0J\xec\xb5\xa99F-\xd5\x93\xfe\xd6\x99\xb1',0.0
0x2717c5e28cf931547B621a5dddb772Ab6A35B701,0x49d740436d507d0d5607bc66fea294281d8922be1de70b2e095230ea067f9c5e,13210507,0x030a348cbfa29e68ddd6efcc03bf7a2cf1fc92f1077b9cbcb2c12b0d08571936,0x000000000000000000000000c5a0d3340d8a4c46e91a9944b6bd866724fb34da0b14949fcb9d2a0543a12da584bd5734d953eed3bb473923c59842b94377a48d0000000000000000000000000000000000000000000000000000000000000000,1631443938,,,Withdrawal,0xC5a0D3340D8a4c46e91a9944B6bd866724fb34dA,0xC5a0D3340D8a4c46e91a9944B6bd866724fb34dA,0xC5a0D3340D8a4c46e91a9944B6bd866724fb34dA,b'\x0b\x14\x94\x9f\xcb\x9d*\x05C\xa1-\xa5\x84\xbdW4\xd9S\xee\xd3\xbbG9#\xc5\x98B\xb9Cw\xa4\x8d',0.0
0x2717c5e28cf931547B621a5dddb772Ab6A35B701,0x49d740436d507d0d5607bc66fea294281d8922be1de70b2e095230ea067f9c5e,13210507,0xb68f37ab7b71a84450c5a6aad8281f2a00390866753afc830bb410a6c2c6a5cb,0x000000000000000000000000c5a0d3340d8a4c46e91a9944b6bd866724fb34da279580364e5dd0168ae1d3cae96cbded71d328454e4465839080adb5d7ec8d5d0000000000000000000000000000000000000000000000000000000000000000,1631443938,,,Withdrawal,0xC5a0D3340D8a4c46e91a9944B6bd866724fb34dA,0xC5a0D3340D8a4c46e91a9944B6bd866724fb34dA,0xC5a0D3340D8a4c46e91a9944B6bd866724fb34dA,"b""'\x95\x806N]\xd0\x16\x8a\xe1\xd3\xca\xe9l\xbd\xedq\xd3(ENDe\x83\x90\x80\xad\xb5\xd7\xec\x8d]""",0.0
0x2717c5e28cf931547B621a5dddb772Ab6A35B701,0x036dd0cce11f13566a9d37a9da9c8b0f9a1f4981fa062955c2bb3791cd5512ed,13210553,0x9552c0de661fdb917c1fd550ea5fd44e2b58b08f228cc388b6dc5aec3e8ebfc2,0x000000000000000000000000c5a0d3340d8a4c46e91a9944b6bd866724fb34da288700670e0a8d3c30cc63c1d3d2eacf2d7746cae8ab02270e6b959884567c8c0000000000000000000000000000000000000000000000000000000000000000,1631444456,,,Withdrawal,0xC5a0D3340D8a4c46e91a9944B6bd866724fb34dA,0xC5a0D3340D8a4c46e91a9944B6bd866724fb34dA,0xC5a0D3340D8a4c46e91a9944B6bd866724fb34dA,"b""(\x87\x00g\x0e\n\x8d<0\xccc\xc1\xd3\xd2\xea\xcf-wF\xca\xe8\xab\x02'\x0ek\x95\x98\x84V|\x8c""",0.0
0x2717c5e28cf931547B621a5dddb772Ab6A35B701,0x107039d4c636ddc35d1c6ace8af7e00b3a9641b712250025b3c0c17890f2f4c5,13210554,0x8d1a990f14889561e1829bd19f28eb67dab058e4c2fc59b8cfb16e61fd8efd55,0x000000000000000000000000c5a0d3340d8a4c46e91a9944b6bd866724fb34da031b77205d0ce4eca1e093bdf744b2f3506e6db7ebc1f42f03d2d807c2b2c1570000000000000000000000000000000000000000000000000000000000000000,1631444503,,,Withdrawal,0xC5a0D3340D8a4c46e91a9944B6bd866724fb34dA,0xC5a0D3340D8a4c46e91a9944B6bd866724fb34dA,0xC5a0D3340D8a4c46e91a9944B6bd866724fb34dA,b'\x03\x1bw ]\x0c\xe4\xec\xa1\xe0\x93\xbd\xf7D\xb2\xf3Pnm\xb7\xeb\xc1\xf4/\x03\xd2\xd8\x07\xc2\xb2\xc1W',0.0
0x2717c5e28cf931547B621a5dddb772Ab6A35B701,0x107039d4c636ddc35d1c6ace8af7e00b3a9641b712250025b3c0c17890f2f4c5,13210554,0x94e0560e23f4a9407d8c633f41e1b1d231fc1746bc04c4a50482863406f25d74,0x000000000000000000000000c5a0d3340d8a4c46e91a9944b6bd866724fb34da08570d4a283b10bd5368d0390ca8e7749e0f4c4d61be817f1522fee00ad661a20000000000000000000000000000000000000000000000000000000000000000,1631444503,,,Withdrawal,0xC5a0D3340D8a4c46e91a9944B6bd866724fb34dA,0xC5a0D3340D8a4c46e91a9944B6bd866724fb34dA,0xC5a0D3340D8a4c46e91a9944B6bd866724fb34dA,"b'\x08W\rJ(;\x10\xbdSh\xd09\x0c\xa8\xe7t\x9e\x0fLMa\xbe\x81\x7f\x15""\xfe\xe0\n\xd6a\xa2'",0.0
0x2717c5e28cf931547B621a5dddb772Ab6A35B701,0xd9016f28b5f7ad1832854f989af4ed4fd6157c10df8afda75613c0f77c0634f5,13210560,0xec34198b24d943c77038d2dc52b8327554a95dbe14aaa5975e960077129e13ea,0x000000000000000000000000c5a0d3340d8a4c46e91a9944b6bd866724fb34da0ce894c2b6c486f52cda55022a2247d20b18d506ecbb8bdac69efd7428d437d80000000000000000000000000000000000000000000000000000000000000000,1631444565,,,Withdrawal,0xC5a0D3340D8a4c46e91a9944B6bd866724fb34dA,0xC5a0D3340D8a4c46e91a9944B6bd866724fb34dA,0xC5a0D3340D8a4c46e91a9944B6bd866724fb34dA,"b'\x0c\xe8\x94\xc2\xb6\xc4\x86\xf5,\xdaU\x02*""G\xd2\x0b\x18\xd5\x06\xec\xbb\x8b\xda\xc6\x9e\xfdt(\xd47\xd8'",0.0
0x2717c5e28cf931547B621a5dddb772Ab6A35B701,0xa51bebb68bd3b6ced6ad515a884ec9b282edc8ad3d52fce07d0d1804c3b4253a,13210568,0x0fe71b0505c5ed9e3c3398478e85408f2f2f9d995cecb65e396b8ac9bda13d6b,0x000000000000000000000000c5a0d3340d8a4c46e91a9944b6bd866724fb34da1b2f29c34d8ca7d9c765573f0212732c8b464d8055abd7bfcb7de119b771fd640000000000000000000000000000000000000000000000000000000000000000,1631444695,,,Withdrawal,0xC5a0D3340D8a4c46e91a9944B6bd866724fb34dA,0xC5a0D3340D8a4c46e91a9944B6bd866724fb34dA,0xC5a0D3340D8a4c46e91a9944B6bd866724fb34dA,"b'\x1b/)\xc3M\x8c\xa7\xd9\xc7eW?\x02\x12s,\x8bFM\x80U\xab\xd7\xbf\xcb}\xe1\x19\xb7q\xfdd'",0.0
0x2717c5e28cf931547B621a5dddb772Ab6A35B701,0x7f04ac00fed262f0ce00e3b3d685206da06832f09e4c2e4c7ce4f5702324941e,13210583,0x426d322051b51daf05022385fd53e357c044acc6ada1d03adefa561626fc6523,0x000000000000000000000000c5a0d3340d8a4c46e91a9944b6bd866724fb34da130c75a7f352a8000d270993d8d436c0865a390a27134249f97976e583b8e7000000000000000000000000000000000000000000000000000000000000000000,1631444874,,,Withdrawal,0xC5a0D3340D8a4c46e91a9944B6bd866724fb34dA,0xC5a0D3340D8a4c46e91a9944B6bd866724fb34dA,0xC5a0D3340D8a4c46e91a9944B6bd866724fb34dA,"b""\x13\x0cu\xa7\xf3R\xa8\x00\r'\t\x93\xd8\xd46\xc0\x86Z9\n'\x13BI\xf9yv\xe5\x83\xb8\xe7\x00""",0.0
0x2717c5e28cf931547B621a5dddb772Ab6A35B701,0x7f04ac00fed262f0ce00e3b3d685206da06832f09e4c2e4c7ce4f5702324941e,13210583,0xf434e1cda214cc3ac49944442621b252c50b74526322614be8443ecd8391b6f3,0x000000000000000000000000c5a0d3340d8a4c46e91a9944b6bd866724fb34da26a30aa260182287877476ebdcf347d8145d4bd9fe68616e05ab6110add23c210000000000000000000000000000000000000000000000000000000000000000,1631444874,,,Withdrawal,0xC5a0D3340D8a4c46e91a9944B6bd866724fb34dA,0xC5a0D3340D8a4c46e91a9944B6bd866724fb34dA,0xC5a0D3340D8a4c46e91a9944B6bd866724fb34dA,"b'&\xa3\n\xa2`\x18""\x87\x87tv\xeb\xdc\xf3G\xd8\x14]K\xd9\xfehan\x05\xaba\x10\xad\xd2<!'",0.0
0x2717c5e28cf931547B621a5dddb772Ab6A35B701,0x3996c4183c57b5b999c1a956b4ce04d674c074e57a6cf936533584b098015080,13210591,0x87b8df1be51bcc71dc5c4733d4e7292048230a00008dfbf1054a8470c9f5f37c,0x000000000000000000000000c5a0d3340d8a4c46e91a9944b6bd866724fb34da1dabe60b6025b57801c9ff258cedc06a662b59e195da7ea7749f6127a85efa020000000000000000000000000000000000000000000000000000000000000000,1631445000,,,Withdrawal,0xC5a0D3340D8a4c46e91a9944B6bd866724fb34dA,0xC5a0D3340D8a4c46e91a9944B6bd866724fb34dA,0xC5a0D3340D8a4c46e91a9944B6bd866724fb34dA,"b""\x1d\xab\xe6\x0b`%\xb5x\x01\xc9\xff%\x8c\xed\xc0jf+Y\xe1\x95\xda~\xa7t\x9fa'\xa8^\xfa\x02""",0.0
0x2717c5e28cf931547B621a5dddb772Ab6A35B701,0x54a604acd3484e5591d466b4cf6d61b1b5fbd9668b013f1c4fd30fc79e8299b2,13210593,0x8466590164de28fadb1b3aa917c703df84b7295d1a4a38c4c6aac6dc6eece677,0x000000000000000000000000c5a0d3340d8a4c46e91a9944b6bd866724fb34da1cea47f7f3f8b148c590e0217632a6196ac5c84785dafadb55103700b1a8bad50000000000000000000000000000000000000000000000000000000000000000,1631445015,,,Withdrawal,0xC5a0D3340D8a4c46e91a9944B6bd866724fb34dA,0xC5a0D3340D8a4c46e91a9944B6bd866724fb34dA,0xC5a0D3340D8a4c46e91a9944B6bd866724fb34dA,b'\x1c\xeaG\xf7\xf3\xf8\xb1H\xc5\x90\xe0!v2\xa6\x19j\xc5\xc8G\x85\xda\xfa\xdbU\x107\x00\xb1\xa8\xba\xd5',0.0
0x2717c5e28cf931547B621a5dddb772Ab6A35B701,0x3d950bcad2e36b7862949fddeb91efc8382378460b5c3e3747a8db76c20a955e,13210601,0x35aad6d28370553901cec87dd934ff3ed0d149de415d38992313b2ba46b704fb,0x000000000000000000000000c5a0d3340d8a4c46e91a9944b6bd866724fb34da147ad2494064358f7f5775e0dbced7d73cc7977799717d3b02286dcf10d7f3db0000000000000000000000000000000000000000000000000000000000000000,1631445139,,,Withdrawal,0xC5a0D3340D8a4c46e91a9944B6bd866724fb34dA,0xC5a0D3340D8a4c46e91a9944B6bd866724fb34dA,0xC5a0D3340D8a4c46e91a9944B6bd866724fb34dA,b'\x14z\xd2I@d5\x8f\x7fWu\xe0\xdb\xce\xd7\xd7<\xc7\x97w\x99q};\x02(m\xcf\x10\xd7\xf3\xdb',0.0
0x2717c5e28cf931547B621a5dddb772Ab6A35B701,0x708fc838212bbfb55a5adb129726530dc871981f0bbcfd924221eb37de4c8646,13210605,0xd4d7d5b477e11d338bb874d6ccbe992c75af73a996ebf9c61e823455467d21f8,0x000000000000000000000000c5a0d3340d8a4c46e91a9944b6bd866724fb34da045b84d0300e2b45aee83d2d291ec2973e972c81660d94f92fb063a3641e18810000000000000000000000000000000000000000000000000000000000000000,1631445228,,,Withdrawal,0xC5a0D3340D8a4c46e91a9944B6bd866724fb34dA,0xC5a0D3340D8a4c46e91a9944B6bd866724fb34dA,0xC5a0D3340D8a4c46e91a9944B6bd866724fb34dA,"b'\x04[\x84\xd00\x0e+E\xae\xe8=-)\x1e\xc2\x97>\x97,\x81f\r\x94\xf9/\xb0c\xa3d\x1e\x18\x81'",0.0
0x2717c5e28cf931547B621a5dddb772Ab6A35B701,0x7559e3999491931a7fc3697813066d6629bc4ce7f62d371679476bbcd70a5830,13247986,0x5dd0daa9d48f7d74ab5fc2a0a2c16c52e98768c219698d399ee611f15506e7b3,0x0000000000000000000000009677d26b32eb17a2dd449cac33be9206e48f606809d8a37ff1d9bbf3dc338deb60f9a3ca8693af07ec574edf022436f7a1d21a5e0000000000000000000000000000000000000000000000000000000000000000,1631945408,,,Withdrawal,0x9677d26b32Eb17A2dD449caC33be9206e48F6068,0x9677d26b32Eb17A2dD449caC33be9206e48F6068,0x9677d26b32Eb17A2dD449caC33be9206e48F6068,b'\t\xd8\xa3\x7f\xf1\xd9\xbb\xf3\xdc3\x8d\xeb`\xf9\xa3\xca\x86\x93\xaf\x07\xecWN\xdf\x02$6\xf7\xa1\xd2\x1a^',0.0
0x2717c5e28cf931547B621a5dddb772Ab6A35B701,0x8af058cde8e55d567f656fad6ec5061e5b8e2e3787f705ac4618a29dccb999ff,13440887,0x333552fea93dd54c486837bc276420a054b6dbe2e217c82f0063321447383233,0x000000000000000000000000000000000000000000000000000000000000005600000000000000000000000000000000000000000000000000000000616d378a,1634547594,b'-&\xf4+\x1fV\xbe\xaa\xf3\xd7\xe0\x9d9\xbc5l\xa90H\xab\xd8\xf3\xb0f;\xe2E\xd3o\xe4\xb2\xda',86.0,Deposit,0x121aD4dAfF41da6f2Fd15FCb910e12F5ecD1F820,,,,
0x2717c5e28cf931547B621a5dddb772Ab6A35B701,0x284dcdd21be5fcc1aa99a91620706d28473352cb2e017351023ab335f7e0a8ce,13441111,0x1422f02461ee009059808819450c9d72e59d1c023c06e383efb0a683547835e5,0x000000000000000000000000121ad4daff41da6f2fd15fcb910e12f5ecd1f820140627356ec166c7621f5e21dcf77aa09ac9de572fa7928ec9c1a076a32dd97e00000000000000000000000000000000000000000000000000000109a540dc3e,1634550650,,,Withdrawal,0x20BB3095a4852F4c97d7A188E9f7183C85AcfC49,0x20BB3095a4852F4c97d7A188E9f7183C85AcfC49,0x121aD4dAfF41da6f2Fd15FCb910e12F5ecD1F820,"b""\x14\x06'5n\xc1f\xc7b\x1f^!\xdc\xf7z\xa0\x9a\xc9\xdeW/\xa7\x92\x8e\xc9\xc1\xa0v\xa3-\xd9~""",1140938824766.0
0x2717c5e28cf931547B621a5dddb772Ab6A35B701,0x4d13a551e22302d9c154c136628430d6b265f183adb271b5f4762f69a7cffc16,13441122,0xc3594256368efdd1926f0adb48d026e8c3c0a14ccceb9599859fe7a94b547cbe,0x000000000000000000000000121ad4daff41da6f2fd15fcb910e12f5ecd1f8202496c3557d9b6a32ffc3082e5a682865760b96cb3bbe9ab1337c4c156f23d3c800000000000000000000000000000000000000000000000000000153b57ab770,1634550811,,,Withdrawal,0x20BB3095a4852F4c97d7A188E9f7183C85AcfC49,0x20BB3095a4852F4c97d7A188E9f7183C85AcfC49,0x121aD4dAfF41da6f2Fd15FCb910e12F5ecD1F820,b'$\x96\xc3U}\x9bj2\xff\xc3\x08.Zh(ev\x0b\x96\xcb;\xbe\x9a\xb13|L\x15o#\xd3\xc8',1459038631792.0
0x2717c5e28cf931547B621a5dddb772Ab6A35B701,0x37ad50ac1369f3804f2c44ee9869fb625b87e550c3cf38b56d3b2976f660ad73,13441126,0x3210eee72548772b4211cfe073fec25fb809e9a1a19599d2a05df770db749e55,0x000000000000000000000000121ad4daff41da6f2fd15fcb910e12f5ecd1f8201aa6ec533cdb83420012de834d61abf35b25bca457a74efc92c02a3982751eb20000000000000000000000000000000000000000000000000000013737da03e0,1634550883,,,Withdrawal,0x20BB3095a4852F4c97d7A188E9f7183C85AcfC49,0x20BB3095a4852F4c97d7A188E9f7183C85AcfC49,0x121aD4dAfF41da6f2Fd15FCb910e12F5ecD1F820,b'\x1a\xa6\xecS<\xdb\x83B\x00\x12\xde\x83Ma\xab\xf3[%\xbc\xa4W\xa7N\xfc\x92\xc0*9\x82u\x1e\xb2',1336671863776.0
0x2717c5e28cf931547B621a5dddb772Ab6A35B701,0x9f138de81809185b1b5577dbb1b7fc41946a9c6079ec370776719b2b15d3a825,13441134,0x17a0fe90de59221bbd187b1f43b83ffdeadfe1e0ec2ce6ca13682baf9d839940,0x000000000000000000000000121ad4daff41da6f2fd15fcb910e12f5ecd1f82009414733552e7f93fbe3af9da24d02be03ae1925aa16302183e671f84652389c000000000000000000000000000000000000000000000000000001440a8b0ea3,1634551021,,,Withdrawal,0x20BB3095a4852F4c97d7A188E9f7183C85AcfC49,0x20BB3095a4852F4c97d7A188E9f7183C85AcfC49,0x121aD4dAfF41da6f2Fd15FCb910e12F5ecD1F820,b'\tAG3U.\x7f\x93\xfb\xe3\xaf\x9d\xa2M\x02\xbe\x03\xae\x19%\xaa\x160!\x83\xe6q\xf8FR8\x9c',1391746289315.0
0x2717c5e28cf931547B621a5dddb772Ab6A35B701,0x5c4988a3f1e2e8d3e3c3cefd4b91faeac9a37c2e59efde7522ba8cf627d1ddbf,13485378,0x9eec8c134ce430f3c0afe5da8bc3465e349303879de8ced60d09eaa3ee5646f6,0x0000000000000000000000003c25d320067d23a340b8c286f452c5c04aa28bed19efb39a4203281231bd42184d1cccb9a2e92220436ddb6828083419a637f5070000000000000000000000000000000000000000000000000000000000000000,1635148650,,,Withdrawal,0x3c25d320067D23A340B8C286F452C5c04Aa28BEd,0x3c25d320067D23A340B8C286F452C5c04Aa28BEd,0x3c25d320067D23A340B8C286F452C5c04Aa28BEd,"b'\x19\xef\xb3\x9aB\x03(\x121\xbdB\x18M\x1c\xcc\xb9\xa2\xe9"" Cm\xdbh(\x084\x19\xa67\xf5\x07'",0.0
0x2717c5e28cf931547B621a5dddb772Ab6A35B701,0xada25505157c919bd46c0765d2c807046ea2bea5c9565ebf080ac34743a594ba,13485398,0x5128f9b00957e300221a816ea187621358b6c2c2db757f2006f0afe89edd5e8d,0x0000000000000000000000003c25d320067d23a340b8c286f452c5c04aa28bed0fcbb8473ef10d85b89bb428c2a46e95d5ef7c11846ff77d12eafdda8bc32e950000000000000000000000000000000000000000000000000000000000000000,1635148837,,,Withdrawal,0x3c25d320067D23A340B8C286F452C5c04Aa28BEd,0x3c25d320067D23A340B8C286F452C5c04Aa28BEd,0x3c25d320067D23A340B8C286F452C5c04Aa28BEd,b'\x0f\xcb\xb8G>\xf1\r\x85\xb8\x9b\xb4(\xc2\xa4n\x95\xd5\xef|\x11\x84o\xf7}\x12\xea\xfd\xda\x8b\xc3.\x95',0.0
0x2717c5e28cf931547B621a5dddb772Ab6A35B701,0x154ebe63451120561d4c3c785015090848e02c30d501b12b9a37a2605c31c6f8,13485509,0x806c6d822b6bf4a23e06a04e0550a7f30b4ade392dfe80c79ea9487373f84388,0x0000000000000000000000003c25d320067d23a340b8c286f452c5c04aa28bed185025a2579f6c3c0c47903962f92af2aca91ead2401420d3e8453e7eaf383b00000000000000000000000000000000000000000000000000000000000000000,1635150271,,,Withdrawal,0x3c25d320067D23A340B8C286F452C5c04Aa28BEd,0x3c25d320067D23A340B8C286F452C5c04Aa28BEd,0x3c25d320067D23A340B8C286F452C5c04Aa28BEd,b'\x18P%\xa2W\x9fl<\x0cG\x909b\xf9*\xf2\xac\xa9\x1e\xad$\x01B\r>\x84S\xe7\xea\xf3\x83\xb0',0.0
0x2717c5e28cf931547B621a5dddb772Ab6A35B701,0xc3bbfc78c5ef411366485da403cf73983b1d19f6292b33b3c6ff048d04a4a94c,13485527,0xbb5fa1d3db1d6ae4866879fecf74e83008f0f00ed9c1445a9b8390144591c70f,0x0000000000000000000000003c25d320067d23a340b8c286f452c5c04aa28bed1e3dacd14fdf5423d58fa386abb60c4d03c9e1e58e60483de91aaa96811c087a0000000000000000000000000000000000000000000000000000000000000000,1635150524,,,Withdrawal,0x3c25d320067D23A340B8C286F452C5c04Aa28BEd,0x3c25d320067D23A340B8C286F452C5c04Aa28BEd,0x3c25d320067D23A340B8C286F452C5c04Aa28BEd,b'\x1e=\xac\xd1O\xdfT#\xd5\x8f\xa3\x86\xab\xb6\x0cM\x03\xc9\xe1\xe5\x8e`H=\xe9\x1a\xaa\x96\x81\x1c\x08z',0.0
0x2717c5e28cf931547B621a5dddb772Ab6A35B701,0xd17cff47c5265e47b9d2bf5d011194a03158e9ce79c33fbb13e59a62d4e20a6a,13612917,0x5a90bacf2389d6ed291f7e565f67fbdb1707593615980b39814dcee45a7f16eb,0x000000000000000000000000121ad4daff41da6f2fd15fcb910e12f5ecd1f8202705e616bbc8c4554d2cb2d5ee8943e131c5c8ef3aeee3b7a6e14a9d2fb671b200000000000000000000000000000000000000000000000000000231c8d8a045,1636878896,,,Withdrawal,0x03EbD2ea2B9F23669C9Eb05C2a1a39f99CBDf372,0xDdbfCEd30862c0105673B38dFf5e941cf48830e4,0x121aD4dAfF41da6f2Fd15FCb910e12F5ecD1F820,"b""'\x05\xe6\x16\xbb\xc8\xc4UM,\xb2\xd5\xee\x89C\xe11\xc5\xc8\xef:\xee\xe3\xb7\xa6\xe1J\x9d/\xb6q\xb2""",2412846293061.0
0x2717c5e28cf931547B621a5dddb772Ab6A35B701,0x4ef12b117989012dd2684a19ebf94038ee4769fffc799deb01c9c39144a218f8,13612940,0x396ce18e8fb105f0de448b1ea14da365183759bc70a5b444e3d04d8f0d60c099,0x000000000000000000000000121ad4daff41da6f2fd15fcb910e12f5ecd1f82002c06ffaeb57b164b6578563dd79cdf158a208592b2fdd4bb61ca5d7b563b8240000000000000000000000000000000000000000000000000000028a66085f5d,1636879190,,,Withdrawal,0x03EbD2ea2B9F23669C9Eb05C2a1a39f99CBDf372,0xDdbfCEd30862c0105673B38dFf5e941cf48830e4,0x121aD4dAfF41da6f2Fd15FCb910e12F5ecD1F820,b'\x02\xc0o\xfa\xebW\xb1d\xb6W\x85c\xddy\xcd\xf1X\xa2\x08Y+/\xddK\xb6\x1c\xa5\xd7\xb5c\xb8$',2793440567133.0
0x2717c5e28cf931547B621a5dddb772Ab6A35B701,0x9509d07cae9c3f45c20c6d6b95ac69de08adef161bcdd099284f668ccef125c9,13612956,0x0127e7bc80bffa8bf1bbf03013c041c055a400ff0c2974e4cbde4b644c4fd5f8,0x000000000000000000000000121ad4daff41da6f2fd15fcb910e12f5ecd1f820059bd857e0a076614295a4a75dec17b456abd855bd0f14c40136e142199a0f4000000000000000000000000000000000000000000000000000000295f11aac95,1636879368,,,Withdrawal,0xBe4d1e137A24af091be80Ae58d652279665e3A27,0xBe4d1e137A24af091be80Ae58d652279665e3A27,0x121aD4dAfF41da6f2Fd15FCb910e12F5ecD1F820,b'\x05\x9b\xd8W\xe0\xa0vaB\x95\xa4\xa7]\xec\x17\xb4V\xab\xd8U\xbd\x0f\x14\xc4\x016\xe1B\x19\x9a\x0f@',2843018439829.0
0x2717c5e28cf931547B621a5dddb772Ab6A35B701,0xcd33984a57896fac88130267a980ed717a4c9d2687f1ff6c55de2912a364bdc1,13623025,0xe8dbd9667f8d41c5c89837b8662f3dd35df3c57e724008a6afc28f2064435840,0x0000000000000000000000004565ee03a020daa77c5efb25f6dd32e28d653c271c140612f11dc1d0d5124fb0f2d93c6510c935570740c8dec9b85b8f1f9a890d0000000000000000000000000000000000000000000000000000000000000000,1637016121,,,Withdrawal,0x4565Ee03a020dAA77c5EfB25F6DD32e28d653c27,0x4565Ee03a020dAA77c5EfB25F6DD32e28d653c27,0x4565Ee03a020dAA77c5EfB25F6DD32e28d653c27,b'\x1c\x14\x06\x12\xf1\x1d\xc1\xd0\xd5\x12O\xb0\xf2\xd9<e\x10\xc95W\x07@\xc8\xde\xc9\xb8[\x8f\x1f\x9a\x89\r',0.0
0x2717c5e28cf931547B621a5dddb772Ab6A35B701,0xcd33984a57896fac88130267a980ed717a4c9d2687f1ff6c55de2912a364bdc1,13623025,0x01702db0690ebce7b6215d5a24f57b566fef4107bc640e59dcf87b0e409606e6,0x0000000000000000000000004565ee03a020daa77c5efb25f6dd32e28d653c2723f8017fea3059d818eeb893dcfa15c5a9c91ffbb8071828f8a08dc34b3d9a460000000000000000000000000000000000000000000000000000000000000000,1637016121,,,Withdrawal,0x4565Ee03a020dAA77c5EfB25F6DD32e28d653c27,0x4565Ee03a020dAA77c5EfB25F6DD32e28d653c27,0x4565Ee03a020dAA77c5EfB25F6DD32e28d653c27,b'#\xf8\x01\x7f\xea0Y\xd8\x18\xee\xb8\x93\xdc\xfa\x15\xc5\xa9\xc9\x1f\xfb\xb8\x07\x18(\xf8\xa0\x8d\xc3K=\x9aF',0.0
0x2717c5e28cf931547B621a5dddb772Ab6A35B701,0xcd33984a57896fac88130267a980ed717a4c9d2687f1ff6c55de2912a364bdc1,13623025,0x1c9403705e165fdde1d7ed0698a41cff37f1541bdffc61d81a60538b2be1ef0d,0x0000000000000000000000004565ee03a020daa77c5efb25f6dd32e28d653c2723aa8054d1777e585dc64d9d2365dbd1b8b3651964d3c73af292214713ba66060000000000000000000000000000000000000000000000000000000000000000,1637016121,,,Withdrawal,0x4565Ee03a020dAA77c5EfB25F6DD32e28d653c27,0x4565Ee03a020dAA77c5EfB25F6DD32e28d653c27,0x4565Ee03a020dAA77c5EfB25F6DD32e28d653c27,b'#\xaa\x80T\xd1w~X]\xc6M\x9d#e\xdb\xd1\xb8\xb3e\x19d\xd3\xc7:\xf2\x92!G\x13\xbaf\x06',0.0
0x2717c5e28cf931547B621a5dddb772Ab6A35B701,0x1d4296e0e56809c162b9a1ff1ecea5b75187e55f4c500872b5d8b46ef66aa980,13714097,0xe74e7dd665470be460cf8200eccb19a66e9ac1ecb0f6241076b5ddfdcbc522fc,0x000000000000000000000000b2c95127308876b0da00dce7798412bca95c9fee0972eb31bf18d0c62178e1892111a1c308ee171eb80050291b8b85558c52cef60000000000000000000000000000000000000000000000000000000000000000,1638266174,,,Withdrawal,0x0039F22efB07A647557C7C5d17854CFD6D489eF3,0xb2C95127308876B0dA00dCE7798412bcA95C9Fee,0xb2C95127308876B0dA00dCE7798412bcA95C9Fee,b'\tr\xeb1\xbf\x18\xd0\xc6!x\xe1\x89!\x11\xa1\xc3\x08\xee\x17\x1e\xb8\x00P)\x1b\x8b\x85U\x8cR\xce\xf6',0.0
0x2717c5e28cf931547B621a5dddb772Ab6A35B701,0xdf21c03072f7bb44aa5758655839468456f9c254b7ebc3d2ccdc9c0950269334,14316655,0xdc18ac1fc2617edf53d9e7f3ced3ce651c54aeaee37f2f1b0f21f14e98da9c2a,0x00000000000000000000000059da49e625d2c5a00c30727e200d34d4f7f7ede6038c7069d702bbf340d0c8118f528e79563fed18e71ebc5409762e3156109a4c000000000000000000000000000000000000000000000000000001b8534340a9,1646345779,,,Withdrawal,0x20BB3095a4852F4c97d7A188E9f7183C85AcfC49,0x20BB3095a4852F4c97d7A188E9f7183C85AcfC49,0x59dA49e625d2C5A00c30727e200D34d4F7F7eDe6,b'\x03\x8cpi\xd7\x02\xbb\xf3@\xd0\xc8\x11\x8fR\x8eyV?\xed\x18\xe7\x1e\xbcT\tv.1V\x10\x9aL',1891182526633.0
0x2717c5e28cf931547B621a5dddb772Ab6A35B701,0x57c83e9dd4e76c779b11806dbe184d3363e2dc4fdf5f7b081a9c6e7579d3d66b,14316666,0x6aa28faa336a080d3a2c941cb65c6da39b86ff14af1043f4f264dd3c34fd6903,0x00000000000000000000000059da49e625d2c5a00c30727e200d34d4f7f7ede619c1cd82a1fb990464de0e700032518f1311e6b0445e4e929968e96d65563a2200000000000000000000000000000000000000000000000000000c5efc1c3b61,1646345871,,,Withdrawal,0x20BB3095a4852F4c97d7A188E9f7183C85AcfC49,0x20BB3095a4852F4c97d7A188E9f7183C85AcfC49,0x59dA49e625d2C5A00c30727e200D34d4F7F7eDe6,"b'\x19\xc1\xcd\x82\xa1\xfb\x99\x04d\xde\x0ep\x002Q\x8f\x13\x11\xe6\xb0D^N\x92\x99h\xe9meV:""'",13602096167777.0
